<?xml version="1.0" encoding="UTF-8"?>
<gpx xmlns="http://www.topografix.com/GPX/1/1" xmlns:xsi="http://www.w3.org/2001/XMLSchema-instance" version="1.1" creator="Trace de Trail" xsi:schemaLocation="http://www.topografix.com/GPX/1/1 http://www.topografix.com/GPX/1/1/gpx.xsd">
  <metadata>
    <name>Rostushe Trails 2026 2026 - BAGREM TRAIL 11 KM</name>
    <desc>Parcours créé sur Trace de Trail</desc>
    <link href="https://tracedetrail.fr/en/trace/354253">
      <text>Cartographie du parcours</text>
    </link>
    <time>2026-08-05T10:49:27+00:00</time>
  </metadata>
  <trk>
    <name>Rostushe Trails 2026 2026 - BAGREM TRAIL 11 KM sur TraceDeTrail.fr</name>
    <src>Trace de Trail</src>
    <trkseg>
      <trkpt lat="41.61016" lon="20.59934">
        <ele>806</ele>
        <time>2026-08-05T10:49:27+00:00</time>
      </trkpt>
      <trkpt lat="41.61007" lon="20.5994">
        <ele>801</ele>
        <time>2026-08-05T10:49:30+00:00</time>
      </trkpt>
      <trkpt lat="41.61001" lon="20.59942">
        <ele>801</ele>
        <time>2026-08-05T10:49:33+00:00</time>
      </trkpt>
      <trkpt lat="41.60992" lon="20.59946">
        <ele>801</ele>
        <time>2026-08-05T10:49:36+00:00</time>
      </trkpt>
      <trkpt lat="41.6099" lon="20.59951">
        <ele>801</ele>
        <time>2026-08-05T10:49:39+00:00</time>
      </trkpt>
      <trkpt lat="41.60987" lon="20.59953">
        <ele>801</ele>
        <time>2026-08-05T10:49:42+00:00</time>
      </trkpt>
      <trkpt lat="41.60985" lon="20.59957">
        <ele>801</ele>
        <time>2026-08-05T10:49:45+00:00</time>
      </trkpt>
      <trkpt lat="41.60982" lon="20.5996">
        <ele>801</ele>
        <time>2026-08-05T10:49:48+00:00</time>
      </trkpt>
      <trkpt lat="41.60969" lon="20.59968">
        <ele>796</ele>
        <time>2026-08-05T10:49:51+00:00</time>
      </trkpt>
      <trkpt lat="41.60928" lon="20.59998">
        <ele>793</ele>
        <time>2026-08-05T10:49:54+00:00</time>
      </trkpt>
      <trkpt lat="41.60923" lon="20.6">
        <ele>787</ele>
        <time>2026-08-05T10:49:57+00:00</time>
      </trkpt>
      <trkpt lat="41.60912" lon="20.60001">
        <ele>787</ele>
        <time>2026-08-05T10:50:00+00:00</time>
      </trkpt>
      <trkpt lat="41.60907" lon="20.60003">
        <ele>790</ele>
        <time>2026-08-05T10:50:03+00:00</time>
      </trkpt>
      <trkpt lat="41.60904" lon="20.60002">
        <ele>790</ele>
        <time>2026-08-05T10:50:06+00:00</time>
      </trkpt>
      <trkpt lat="41.609" lon="20.60005">
        <ele>790</ele>
        <time>2026-08-05T10:50:09+00:00</time>
      </trkpt>
      <trkpt lat="41.60895" lon="20.60006">
        <ele>790</ele>
        <time>2026-08-05T10:50:12+00:00</time>
      </trkpt>
      <trkpt lat="41.60892" lon="20.60005">
        <ele>790</ele>
        <time>2026-08-05T10:50:15+00:00</time>
      </trkpt>
      <trkpt lat="41.60886" lon="20.60009">
        <ele>790</ele>
        <time>2026-08-05T10:50:18+00:00</time>
      </trkpt>
      <trkpt lat="41.60882" lon="20.6001">
        <ele>790</ele>
        <time>2026-08-05T10:50:21+00:00</time>
      </trkpt>
      <trkpt lat="41.6088" lon="20.60011">
        <ele>790</ele>
        <time>2026-08-05T10:50:24+00:00</time>
      </trkpt>
      <trkpt lat="41.60874" lon="20.60014">
        <ele>795</ele>
        <time>2026-08-05T10:50:27+00:00</time>
      </trkpt>
      <trkpt lat="41.60856" lon="20.60026">
        <ele>790</ele>
        <time>2026-08-05T10:50:30+00:00</time>
      </trkpt>
      <trkpt lat="41.60847" lon="20.6003">
        <ele>790</ele>
        <time>2026-08-05T10:50:33+00:00</time>
      </trkpt>
      <trkpt lat="41.60843" lon="20.60034">
        <ele>790</ele>
        <time>2026-08-05T10:50:36+00:00</time>
      </trkpt>
      <trkpt lat="41.60826" lon="20.60043">
        <ele>790</ele>
        <time>2026-08-05T10:50:39+00:00</time>
      </trkpt>
      <trkpt lat="41.60821" lon="20.60047">
        <ele>790</ele>
        <time>2026-08-05T10:50:42+00:00</time>
      </trkpt>
      <trkpt lat="41.60812" lon="20.60052">
        <ele>782</ele>
        <time>2026-08-05T10:50:45+00:00</time>
      </trkpt>
      <trkpt lat="41.6081" lon="20.60055">
        <ele>782</ele>
        <time>2026-08-05T10:50:48+00:00</time>
      </trkpt>
      <trkpt lat="41.60803" lon="20.60057">
        <ele>786</ele>
        <time>2026-08-05T10:50:51+00:00</time>
      </trkpt>
      <trkpt lat="41.60791" lon="20.60066">
        <ele>791</ele>
        <time>2026-08-05T10:50:54+00:00</time>
      </trkpt>
      <trkpt lat="41.60782" lon="20.60076">
        <ele>787</ele>
        <time>2026-08-05T10:50:57+00:00</time>
      </trkpt>
      <trkpt lat="41.60775" lon="20.60081">
        <ele>783</ele>
        <time>2026-08-05T10:51:00+00:00</time>
      </trkpt>
      <trkpt lat="41.60771" lon="20.60083">
        <ele>783</ele>
        <time>2026-08-05T10:51:03+00:00</time>
      </trkpt>
      <trkpt lat="41.60767" lon="20.60083">
        <ele>788</ele>
        <time>2026-08-05T10:51:06+00:00</time>
      </trkpt>
      <trkpt lat="41.60756" lon="20.60087">
        <ele>788</ele>
        <time>2026-08-05T10:51:09+00:00</time>
      </trkpt>
      <trkpt lat="41.60754" lon="20.60087">
        <ele>788</ele>
        <time>2026-08-05T10:51:12+00:00</time>
      </trkpt>
      <trkpt lat="41.60737" lon="20.60093">
        <ele>794</ele>
        <time>2026-08-05T10:51:15+00:00</time>
      </trkpt>
      <trkpt lat="41.6073" lon="20.60094">
        <ele>787</ele>
        <time>2026-08-05T10:51:18+00:00</time>
      </trkpt>
      <trkpt lat="41.60726" lon="20.60096">
        <ele>794</ele>
        <time>2026-08-05T10:51:21+00:00</time>
      </trkpt>
      <trkpt lat="41.60717" lon="20.60102">
        <ele>786</ele>
        <time>2026-08-05T10:51:24+00:00</time>
      </trkpt>
      <trkpt lat="41.60711" lon="20.60104">
        <ele>791</ele>
        <time>2026-08-05T10:51:27+00:00</time>
      </trkpt>
      <trkpt lat="41.60706" lon="20.60107">
        <ele>793</ele>
        <time>2026-08-05T10:51:30+00:00</time>
      </trkpt>
      <trkpt lat="41.60696" lon="20.60111">
        <ele>793</ele>
        <time>2026-08-05T10:51:33+00:00</time>
      </trkpt>
      <trkpt lat="41.60695" lon="20.60112">
        <ele>793</ele>
        <time>2026-08-05T10:51:36+00:00</time>
      </trkpt>
      <trkpt lat="41.60687" lon="20.60115">
        <ele>795</ele>
        <time>2026-08-05T10:51:39+00:00</time>
      </trkpt>
      <trkpt lat="41.60679" lon="20.60115">
        <ele>795</ele>
        <time>2026-08-05T10:51:42+00:00</time>
      </trkpt>
      <trkpt lat="41.60676" lon="20.60114">
        <ele>795</ele>
        <time>2026-08-05T10:51:45+00:00</time>
      </trkpt>
      <trkpt lat="41.60671" lon="20.60113">
        <ele>795</ele>
        <time>2026-08-05T10:51:48+00:00</time>
      </trkpt>
      <trkpt lat="41.60665" lon="20.60111">
        <ele>795</ele>
        <time>2026-08-05T10:51:51+00:00</time>
      </trkpt>
      <trkpt lat="41.60651" lon="20.60102">
        <ele>794</ele>
        <time>2026-08-05T10:51:54+00:00</time>
      </trkpt>
      <trkpt lat="41.60646" lon="20.60101">
        <ele>796</ele>
        <time>2026-08-05T10:51:57+00:00</time>
      </trkpt>
      <trkpt lat="41.60618" lon="20.60093">
        <ele>785</ele>
        <time>2026-08-05T10:52:00+00:00</time>
      </trkpt>
      <trkpt lat="41.60602" lon="20.601">
        <ele>782</ele>
        <time>2026-08-05T10:52:03+00:00</time>
      </trkpt>
      <trkpt lat="41.60598" lon="20.60104">
        <ele>775</ele>
        <time>2026-08-05T10:52:06+00:00</time>
      </trkpt>
      <trkpt lat="41.6059" lon="20.60113">
        <ele>775</ele>
        <time>2026-08-05T10:52:09+00:00</time>
      </trkpt>
      <trkpt lat="41.60587" lon="20.60118">
        <ele>775</ele>
        <time>2026-08-05T10:52:12+00:00</time>
      </trkpt>
      <trkpt lat="41.60584" lon="20.6012">
        <ele>775</ele>
        <time>2026-08-05T10:52:15+00:00</time>
      </trkpt>
      <trkpt lat="41.60581" lon="20.60125">
        <ele>775</ele>
        <time>2026-08-05T10:52:18+00:00</time>
      </trkpt>
      <trkpt lat="41.60577" lon="20.60128">
        <ele>775</ele>
        <time>2026-08-05T10:52:21+00:00</time>
      </trkpt>
      <trkpt lat="41.60576" lon="20.60131">
        <ele>769</ele>
        <time>2026-08-05T10:52:24+00:00</time>
      </trkpt>
      <trkpt lat="41.60572" lon="20.60134">
        <ele>769</ele>
        <time>2026-08-05T10:52:27+00:00</time>
      </trkpt>
      <trkpt lat="41.6057" lon="20.60139">
        <ele>769</ele>
        <time>2026-08-05T10:52:30+00:00</time>
      </trkpt>
      <trkpt lat="41.60571" lon="20.60146">
        <ele>769</ele>
        <time>2026-08-05T10:52:33+00:00</time>
      </trkpt>
      <trkpt lat="41.60569" lon="20.60146">
        <ele>764</ele>
        <time>2026-08-05T10:52:36+00:00</time>
      </trkpt>
      <trkpt lat="41.60568" lon="20.60148">
        <ele>764</ele>
        <time>2026-08-05T10:52:39+00:00</time>
      </trkpt>
      <trkpt lat="41.60569" lon="20.60153">
        <ele>764</ele>
        <time>2026-08-05T10:52:42+00:00</time>
      </trkpt>
      <trkpt lat="41.60567" lon="20.60161">
        <ele>758</ele>
        <time>2026-08-05T10:52:45+00:00</time>
      </trkpt>
      <trkpt lat="41.60564" lon="20.60166">
        <ele>758</ele>
        <time>2026-08-05T10:52:48+00:00</time>
      </trkpt>
      <trkpt lat="41.60564" lon="20.60172">
        <ele>758</ele>
        <time>2026-08-05T10:52:51+00:00</time>
      </trkpt>
      <trkpt lat="41.60562" lon="20.60174">
        <ele>758</ele>
        <time>2026-08-05T10:52:54+00:00</time>
      </trkpt>
      <trkpt lat="41.60562" lon="20.60177">
        <ele>758</ele>
        <time>2026-08-05T10:52:57+00:00</time>
      </trkpt>
      <trkpt lat="41.6056" lon="20.60181">
        <ele>758</ele>
        <time>2026-08-05T10:53:00+00:00</time>
      </trkpt>
      <trkpt lat="41.60561" lon="20.60186">
        <ele>758</ele>
        <time>2026-08-05T10:53:03+00:00</time>
      </trkpt>
      <trkpt lat="41.60558" lon="20.60189">
        <ele>758</ele>
        <time>2026-08-05T10:53:06+00:00</time>
      </trkpt>
      <trkpt lat="41.60555" lon="20.60197">
        <ele>749</ele>
        <time>2026-08-05T10:53:09+00:00</time>
      </trkpt>
      <trkpt lat="41.60554" lon="20.60202">
        <ele>749</ele>
        <time>2026-08-05T10:53:12+00:00</time>
      </trkpt>
      <trkpt lat="41.60552" lon="20.60209">
        <ele>749</ele>
        <time>2026-08-05T10:53:15+00:00</time>
      </trkpt>
      <trkpt lat="41.6055" lon="20.60214">
        <ele>734</ele>
        <time>2026-08-05T10:53:18+00:00</time>
      </trkpt>
      <trkpt lat="41.60548" lon="20.60221">
        <ele>734</ele>
        <time>2026-08-05T10:53:21+00:00</time>
      </trkpt>
      <trkpt lat="41.60548" lon="20.60223">
        <ele>734</ele>
        <time>2026-08-05T10:53:24+00:00</time>
      </trkpt>
      <trkpt lat="41.60546" lon="20.60226">
        <ele>734</ele>
        <time>2026-08-05T10:53:27+00:00</time>
      </trkpt>
      <trkpt lat="41.60544" lon="20.60226">
        <ele>734</ele>
        <time>2026-08-05T10:53:30+00:00</time>
      </trkpt>
      <trkpt lat="41.60543" lon="20.60225">
        <ele>734</ele>
        <time>2026-08-05T10:53:33+00:00</time>
      </trkpt>
      <trkpt lat="41.60541" lon="20.60225">
        <ele>734</ele>
        <time>2026-08-05T10:53:36+00:00</time>
      </trkpt>
      <trkpt lat="41.60541" lon="20.60228">
        <ele>734</ele>
        <time>2026-08-05T10:53:39+00:00</time>
      </trkpt>
      <trkpt lat="41.60544" lon="20.60236">
        <ele>734</ele>
        <time>2026-08-05T10:53:42+00:00</time>
      </trkpt>
      <trkpt lat="41.60542" lon="20.60242">
        <ele>734</ele>
        <time>2026-08-05T10:53:45+00:00</time>
      </trkpt>
      <trkpt lat="41.60541" lon="20.60245">
        <ele>733</ele>
        <time>2026-08-05T10:53:48+00:00</time>
      </trkpt>
      <trkpt lat="41.60538" lon="20.60247">
        <ele>733</ele>
        <time>2026-08-05T10:53:51+00:00</time>
      </trkpt>
      <trkpt lat="41.60536" lon="20.60248">
        <ele>733</ele>
        <time>2026-08-05T10:53:54+00:00</time>
      </trkpt>
      <trkpt lat="41.60533" lon="20.60247">
        <ele>733</ele>
        <time>2026-08-05T10:53:57+00:00</time>
      </trkpt>
      <trkpt lat="41.6053" lon="20.60245">
        <ele>733</ele>
        <time>2026-08-05T10:54:00+00:00</time>
      </trkpt>
      <trkpt lat="41.60528" lon="20.60243">
        <ele>733</ele>
        <time>2026-08-05T10:54:03+00:00</time>
      </trkpt>
      <trkpt lat="41.60527" lon="20.6024">
        <ele>734</ele>
        <time>2026-08-05T10:54:06+00:00</time>
      </trkpt>
      <trkpt lat="41.60526" lon="20.60227">
        <ele>734</ele>
        <time>2026-08-05T10:54:09+00:00</time>
      </trkpt>
      <trkpt lat="41.60527" lon="20.60205">
        <ele>738</ele>
        <time>2026-08-05T10:54:12+00:00</time>
      </trkpt>
      <trkpt lat="41.60528" lon="20.60195">
        <ele>738</ele>
        <time>2026-08-05T10:54:15+00:00</time>
      </trkpt>
      <trkpt lat="41.6052" lon="20.60174">
        <ele>743</ele>
        <time>2026-08-05T10:54:18+00:00</time>
      </trkpt>
      <trkpt lat="41.60518" lon="20.60172">
        <ele>738</ele>
        <time>2026-08-05T10:54:21+00:00</time>
      </trkpt>
      <trkpt lat="41.60513" lon="20.60166">
        <ele>738</ele>
        <time>2026-08-05T10:54:24+00:00</time>
      </trkpt>
      <trkpt lat="41.6051" lon="20.60165">
        <ele>738</ele>
        <time>2026-08-05T10:54:27+00:00</time>
      </trkpt>
      <trkpt lat="41.60497" lon="20.60162">
        <ele>738</ele>
        <time>2026-08-05T10:54:30+00:00</time>
      </trkpt>
      <trkpt lat="41.6049" lon="20.60163">
        <ele>738</ele>
        <time>2026-08-05T10:54:33+00:00</time>
      </trkpt>
      <trkpt lat="41.6048" lon="20.60166">
        <ele>744</ele>
        <time>2026-08-05T10:54:36+00:00</time>
      </trkpt>
      <trkpt lat="41.60472" lon="20.6017">
        <ele>740</ele>
        <time>2026-08-05T10:54:39+00:00</time>
      </trkpt>
      <trkpt lat="41.60468" lon="20.60173">
        <ele>744</ele>
        <time>2026-08-05T10:54:42+00:00</time>
      </trkpt>
      <trkpt lat="41.60467" lon="20.60175">
        <ele>744</ele>
        <time>2026-08-05T10:54:45+00:00</time>
      </trkpt>
      <trkpt lat="41.60464" lon="20.60179">
        <ele>744</ele>
        <time>2026-08-05T10:54:48+00:00</time>
      </trkpt>
      <trkpt lat="41.60461" lon="20.60185">
        <ele>744</ele>
        <time>2026-08-05T10:54:51+00:00</time>
      </trkpt>
      <trkpt lat="41.60459" lon="20.60188">
        <ele>750</ele>
        <time>2026-08-05T10:54:54+00:00</time>
      </trkpt>
      <trkpt lat="41.6045" lon="20.60205">
        <ele>742</ele>
        <time>2026-08-05T10:54:57+00:00</time>
      </trkpt>
      <trkpt lat="41.60446" lon="20.60211">
        <ele>737</ele>
        <time>2026-08-05T10:55:00+00:00</time>
      </trkpt>
      <trkpt lat="41.60441" lon="20.60216">
        <ele>737</ele>
        <time>2026-08-05T10:55:03+00:00</time>
      </trkpt>
      <trkpt lat="41.60424" lon="20.6023">
        <ele>742</ele>
        <time>2026-08-05T10:55:06+00:00</time>
      </trkpt>
      <trkpt lat="41.60415" lon="20.60244">
        <ele>743</ele>
        <time>2026-08-05T10:55:09+00:00</time>
      </trkpt>
      <trkpt lat="41.60414" lon="20.60247">
        <ele>743</ele>
        <time>2026-08-05T10:55:12+00:00</time>
      </trkpt>
      <trkpt lat="41.60411" lon="20.60258">
        <ele>743</ele>
        <time>2026-08-05T10:55:15+00:00</time>
      </trkpt>
      <trkpt lat="41.60406" lon="20.60268">
        <ele>761</ele>
        <time>2026-08-05T10:55:18+00:00</time>
      </trkpt>
      <trkpt lat="41.60403" lon="20.6027">
        <ele>754</ele>
        <time>2026-08-05T10:55:21+00:00</time>
      </trkpt>
      <trkpt lat="41.60402" lon="20.60274">
        <ele>754</ele>
        <time>2026-08-05T10:55:24+00:00</time>
      </trkpt>
      <trkpt lat="41.60397" lon="20.60279">
        <ele>743</ele>
        <time>2026-08-05T10:55:27+00:00</time>
      </trkpt>
      <trkpt lat="41.60392" lon="20.60287">
        <ele>754</ele>
        <time>2026-08-05T10:55:30+00:00</time>
      </trkpt>
      <trkpt lat="41.60388" lon="20.60294">
        <ele>754</ele>
        <time>2026-08-05T10:55:33+00:00</time>
      </trkpt>
      <trkpt lat="41.60386" lon="20.60297">
        <ele>754</ele>
        <time>2026-08-05T10:55:36+00:00</time>
      </trkpt>
      <trkpt lat="41.60381" lon="20.60302">
        <ele>744</ele>
        <time>2026-08-05T10:55:39+00:00</time>
      </trkpt>
      <trkpt lat="41.60376" lon="20.60307">
        <ele>761</ele>
        <time>2026-08-05T10:55:42+00:00</time>
      </trkpt>
      <trkpt lat="41.60373" lon="20.60309">
        <ele>761</ele>
        <time>2026-08-05T10:55:45+00:00</time>
      </trkpt>
      <trkpt lat="41.60369" lon="20.60315">
        <ele>761</ele>
        <time>2026-08-05T10:55:48+00:00</time>
      </trkpt>
      <trkpt lat="41.60364" lon="20.60328">
        <ele>750</ele>
        <time>2026-08-05T10:55:51+00:00</time>
      </trkpt>
      <trkpt lat="41.60361" lon="20.60333">
        <ele>750</ele>
        <time>2026-08-05T10:55:54+00:00</time>
      </trkpt>
      <trkpt lat="41.60354" lon="20.60341">
        <ele>750</ele>
        <time>2026-08-05T10:55:57+00:00</time>
      </trkpt>
      <trkpt lat="41.60352" lon="20.60344">
        <ele>750</ele>
        <time>2026-08-05T10:56:00+00:00</time>
      </trkpt>
      <trkpt lat="41.60351" lon="20.60348">
        <ele>750</ele>
        <time>2026-08-05T10:56:03+00:00</time>
      </trkpt>
      <trkpt lat="41.60353" lon="20.6036">
        <ele>741</ele>
        <time>2026-08-05T10:56:06+00:00</time>
      </trkpt>
      <trkpt lat="41.60353" lon="20.60364">
        <ele>741</ele>
        <time>2026-08-05T10:56:09+00:00</time>
      </trkpt>
      <trkpt lat="41.60351" lon="20.60372">
        <ele>741</ele>
        <time>2026-08-05T10:56:12+00:00</time>
      </trkpt>
      <trkpt lat="41.60346" lon="20.60382">
        <ele>750</ele>
        <time>2026-08-05T10:56:15+00:00</time>
      </trkpt>
      <trkpt lat="41.60335" lon="20.60398">
        <ele>750</ele>
        <time>2026-08-05T10:56:18+00:00</time>
      </trkpt>
      <trkpt lat="41.60326" lon="20.60414">
        <ele>748</ele>
        <time>2026-08-05T10:56:21+00:00</time>
      </trkpt>
      <trkpt lat="41.60324" lon="20.60417">
        <ele>744</ele>
        <time>2026-08-05T10:56:24+00:00</time>
      </trkpt>
      <trkpt lat="41.60314" lon="20.60431">
        <ele>754</ele>
        <time>2026-08-05T10:56:27+00:00</time>
      </trkpt>
      <trkpt lat="41.60309" lon="20.60441">
        <ele>748</ele>
        <time>2026-08-05T10:56:30+00:00</time>
      </trkpt>
      <trkpt lat="41.60303" lon="20.60456">
        <ele>746</ele>
        <time>2026-08-05T10:56:33+00:00</time>
      </trkpt>
      <trkpt lat="41.60297" lon="20.6048">
        <ele>746</ele>
        <time>2026-08-05T10:56:36+00:00</time>
      </trkpt>
      <trkpt lat="41.60292" lon="20.60494">
        <ele>744</ele>
        <time>2026-08-05T10:56:39+00:00</time>
      </trkpt>
      <trkpt lat="41.60287" lon="20.60505">
        <ele>744</ele>
        <time>2026-08-05T10:56:42+00:00</time>
      </trkpt>
      <trkpt lat="41.6028" lon="20.60516">
        <ele>744</ele>
        <time>2026-08-05T10:56:45+00:00</time>
      </trkpt>
      <trkpt lat="41.60278" lon="20.6052">
        <ele>737</ele>
        <time>2026-08-05T10:56:48+00:00</time>
      </trkpt>
      <trkpt lat="41.60271" lon="20.60533">
        <ele>737</ele>
        <time>2026-08-05T10:56:51+00:00</time>
      </trkpt>
      <trkpt lat="41.60261" lon="20.60546">
        <ele>744</ele>
        <time>2026-08-05T10:56:54+00:00</time>
      </trkpt>
      <trkpt lat="41.60255" lon="20.60556">
        <ele>740</ele>
        <time>2026-08-05T10:56:57+00:00</time>
      </trkpt>
      <trkpt lat="41.60249" lon="20.60566">
        <ele>736</ele>
        <time>2026-08-05T10:57:00+00:00</time>
      </trkpt>
      <trkpt lat="41.60241" lon="20.60574">
        <ele>730</ele>
        <time>2026-08-05T10:57:03+00:00</time>
      </trkpt>
      <trkpt lat="41.60239" lon="20.60578">
        <ele>737</ele>
        <time>2026-08-05T10:57:06+00:00</time>
      </trkpt>
      <trkpt lat="41.60238" lon="20.60581">
        <ele>743</ele>
        <time>2026-08-05T10:57:09+00:00</time>
      </trkpt>
      <trkpt lat="41.6024" lon="20.60594">
        <ele>743</ele>
        <time>2026-08-05T10:57:12+00:00</time>
      </trkpt>
      <trkpt lat="41.6024" lon="20.60605">
        <ele>735</ele>
        <time>2026-08-05T10:57:15+00:00</time>
      </trkpt>
      <trkpt lat="41.60238" lon="20.60638">
        <ele>727</ele>
        <time>2026-08-05T10:57:18+00:00</time>
      </trkpt>
      <trkpt lat="41.60237" lon="20.60658">
        <ele>727</ele>
        <time>2026-08-05T10:57:21+00:00</time>
      </trkpt>
      <trkpt lat="41.60237" lon="20.60665">
        <ele>720</ele>
        <time>2026-08-05T10:57:24+00:00</time>
      </trkpt>
      <trkpt lat="41.60235" lon="20.60681">
        <ele>720</ele>
        <time>2026-08-05T10:57:27+00:00</time>
      </trkpt>
      <trkpt lat="41.60231" lon="20.60699">
        <ele>714</ele>
        <time>2026-08-05T10:57:30+00:00</time>
      </trkpt>
      <trkpt lat="41.60225" lon="20.60718">
        <ele>712</ele>
        <time>2026-08-05T10:57:33+00:00</time>
      </trkpt>
      <trkpt lat="41.60221" lon="20.60724">
        <ele>712</ele>
        <time>2026-08-05T10:57:36+00:00</time>
      </trkpt>
      <trkpt lat="41.60209" lon="20.60742">
        <ele>710</ele>
        <time>2026-08-05T10:57:39+00:00</time>
      </trkpt>
      <trkpt lat="41.60205" lon="20.60748">
        <ele>710</ele>
        <time>2026-08-05T10:57:42+00:00</time>
      </trkpt>
      <trkpt lat="41.60201" lon="20.60759">
        <ele>710</ele>
        <time>2026-08-05T10:57:45+00:00</time>
      </trkpt>
      <trkpt lat="41.60198" lon="20.60776">
        <ele>705</ele>
        <time>2026-08-05T10:57:48+00:00</time>
      </trkpt>
      <trkpt lat="41.60198" lon="20.60788">
        <ele>705</ele>
        <time>2026-08-05T10:57:51+00:00</time>
      </trkpt>
      <trkpt lat="41.60198" lon="20.60805">
        <ele>700</ele>
        <time>2026-08-05T10:57:54+00:00</time>
      </trkpt>
      <trkpt lat="41.602" lon="20.60822">
        <ele>698</ele>
        <time>2026-08-05T10:57:57+00:00</time>
      </trkpt>
      <trkpt lat="41.60202" lon="20.60835">
        <ele>698</ele>
        <time>2026-08-05T10:58:00+00:00</time>
      </trkpt>
      <trkpt lat="41.60204" lon="20.60839">
        <ele>698</ele>
        <time>2026-08-05T10:58:03+00:00</time>
      </trkpt>
      <trkpt lat="41.60207" lon="20.60847">
        <ele>698</ele>
        <time>2026-08-05T10:58:06+00:00</time>
      </trkpt>
      <trkpt lat="41.60209" lon="20.60854">
        <ele>693</ele>
        <time>2026-08-05T10:58:09+00:00</time>
      </trkpt>
      <trkpt lat="41.6021" lon="20.60858">
        <ele>693</ele>
        <time>2026-08-05T10:58:12+00:00</time>
      </trkpt>
      <trkpt lat="41.6021" lon="20.60862">
        <ele>693</ele>
        <time>2026-08-05T10:58:15+00:00</time>
      </trkpt>
      <trkpt lat="41.60208" lon="20.60875">
        <ele>693</ele>
        <time>2026-08-05T10:58:18+00:00</time>
      </trkpt>
      <trkpt lat="41.6021" lon="20.60895">
        <ele>686</ele>
        <time>2026-08-05T10:58:21+00:00</time>
      </trkpt>
      <trkpt lat="41.60206" lon="20.60913">
        <ele>680</ele>
        <time>2026-08-05T10:58:24+00:00</time>
      </trkpt>
      <trkpt lat="41.60204" lon="20.60926">
        <ele>680</ele>
        <time>2026-08-05T10:58:27+00:00</time>
      </trkpt>
      <trkpt lat="41.602" lon="20.60937">
        <ele>680</ele>
        <time>2026-08-05T10:58:30+00:00</time>
      </trkpt>
      <trkpt lat="41.602" lon="20.60948">
        <ele>678</ele>
        <time>2026-08-05T10:58:33+00:00</time>
      </trkpt>
      <trkpt lat="41.60201" lon="20.6095">
        <ele>678</ele>
        <time>2026-08-05T10:58:36+00:00</time>
      </trkpt>
      <trkpt lat="41.60209" lon="20.60955">
        <ele>678</ele>
        <time>2026-08-05T10:58:39+00:00</time>
      </trkpt>
      <trkpt lat="41.60212" lon="20.60955">
        <ele>678</ele>
        <time>2026-08-05T10:58:42+00:00</time>
      </trkpt>
      <trkpt lat="41.60215" lon="20.60955">
        <ele>678</ele>
        <time>2026-08-05T10:58:45+00:00</time>
      </trkpt>
      <trkpt lat="41.60218" lon="20.60956">
        <ele>678</ele>
        <time>2026-08-05T10:58:48+00:00</time>
      </trkpt>
      <trkpt lat="41.60222" lon="20.6096">
        <ele>676</ele>
        <time>2026-08-05T10:58:51+00:00</time>
      </trkpt>
      <trkpt lat="41.60225" lon="20.60971">
        <ele>676</ele>
        <time>2026-08-05T10:58:54+00:00</time>
      </trkpt>
      <trkpt lat="41.60226" lon="20.6098">
        <ele>676</ele>
        <time>2026-08-05T10:58:57+00:00</time>
      </trkpt>
      <trkpt lat="41.60228" lon="20.60989">
        <ele>676</ele>
        <time>2026-08-05T10:59:00+00:00</time>
      </trkpt>
      <trkpt lat="41.60234" lon="20.61001">
        <ele>676</ele>
        <time>2026-08-05T10:59:03+00:00</time>
      </trkpt>
      <trkpt lat="41.60241" lon="20.6101">
        <ele>676</ele>
        <time>2026-08-05T10:59:06+00:00</time>
      </trkpt>
      <trkpt lat="41.6025" lon="20.61017">
        <ele>676</ele>
        <time>2026-08-05T10:59:09+00:00</time>
      </trkpt>
      <trkpt lat="41.60253" lon="20.61018">
        <ele>676</ele>
        <time>2026-08-05T10:59:12+00:00</time>
      </trkpt>
      <trkpt lat="41.6026" lon="20.61022">
        <ele>672</ele>
        <time>2026-08-05T10:59:15+00:00</time>
      </trkpt>
      <trkpt lat="41.60266" lon="20.61026">
        <ele>672</ele>
        <time>2026-08-05T10:59:18+00:00</time>
      </trkpt>
      <trkpt lat="41.60282" lon="20.61033">
        <ele>671</ele>
        <time>2026-08-05T10:59:21+00:00</time>
      </trkpt>
      <trkpt lat="41.60285" lon="20.61035">
        <ele>671</ele>
        <time>2026-08-05T10:59:24+00:00</time>
      </trkpt>
      <trkpt lat="41.6029" lon="20.6104">
        <ele>671</ele>
        <time>2026-08-05T10:59:27+00:00</time>
      </trkpt>
      <trkpt lat="41.60291" lon="20.61045">
        <ele>671</ele>
        <time>2026-08-05T10:59:30+00:00</time>
      </trkpt>
      <trkpt lat="41.60293" lon="20.61053">
        <ele>667</ele>
        <time>2026-08-05T10:59:33+00:00</time>
      </trkpt>
      <trkpt lat="41.60294" lon="20.61062">
        <ele>667</ele>
        <time>2026-08-05T10:59:36+00:00</time>
      </trkpt>
      <trkpt lat="41.60293" lon="20.61067">
        <ele>667</ele>
        <time>2026-08-05T10:59:39+00:00</time>
      </trkpt>
      <trkpt lat="41.60292" lon="20.61071">
        <ele>663</ele>
        <time>2026-08-05T10:59:42+00:00</time>
      </trkpt>
      <trkpt lat="41.60287" lon="20.61076">
        <ele>663</ele>
        <time>2026-08-05T10:59:45+00:00</time>
      </trkpt>
      <trkpt lat="41.60279" lon="20.61086">
        <ele>666</ele>
        <time>2026-08-05T10:59:48+00:00</time>
      </trkpt>
      <trkpt lat="41.60278" lon="20.61089">
        <ele>663</ele>
        <time>2026-08-05T10:59:51+00:00</time>
      </trkpt>
      <trkpt lat="41.60278" lon="20.61094">
        <ele>663</ele>
        <time>2026-08-05T10:59:54+00:00</time>
      </trkpt>
      <trkpt lat="41.60281" lon="20.61105">
        <ele>662</ele>
        <time>2026-08-05T10:59:57+00:00</time>
      </trkpt>
      <trkpt lat="41.60293" lon="20.61131">
        <ele>666</ele>
        <time>2026-08-05T11:00:00+00:00</time>
      </trkpt>
      <trkpt lat="41.60301" lon="20.61143">
        <ele>667</ele>
        <time>2026-08-05T11:00:03+00:00</time>
      </trkpt>
      <trkpt lat="41.60307" lon="20.61154">
        <ele>664</ele>
        <time>2026-08-05T11:00:06+00:00</time>
      </trkpt>
      <trkpt lat="41.60309" lon="20.61156">
        <ele>667</ele>
        <time>2026-08-05T11:00:09+00:00</time>
      </trkpt>
      <trkpt lat="41.60316" lon="20.61157">
        <ele>667</ele>
        <time>2026-08-05T11:00:12+00:00</time>
      </trkpt>
      <trkpt lat="41.60318" lon="20.61156">
        <ele>667</ele>
        <time>2026-08-05T11:00:15+00:00</time>
      </trkpt>
      <trkpt lat="41.60322" lon="20.61154">
        <ele>663</ele>
        <time>2026-08-05T11:00:18+00:00</time>
      </trkpt>
      <trkpt lat="41.60328" lon="20.61146">
        <ele>664</ele>
        <time>2026-08-05T11:00:21+00:00</time>
      </trkpt>
      <trkpt lat="41.6035" lon="20.6113">
        <ele>664</ele>
        <time>2026-08-05T11:00:24+00:00</time>
      </trkpt>
      <trkpt lat="41.60352" lon="20.61127">
        <ele>665</ele>
        <time>2026-08-05T11:00:27+00:00</time>
      </trkpt>
      <trkpt lat="41.6036" lon="20.61115">
        <ele>665</ele>
        <time>2026-08-05T11:00:30+00:00</time>
      </trkpt>
      <trkpt lat="41.60365" lon="20.61111">
        <ele>665</ele>
        <time>2026-08-05T11:00:33+00:00</time>
      </trkpt>
      <trkpt lat="41.60374" lon="20.61105">
        <ele>665</ele>
        <time>2026-08-05T11:00:36+00:00</time>
      </trkpt>
      <trkpt lat="41.60383" lon="20.61096">
        <ele>669</ele>
        <time>2026-08-05T11:00:39+00:00</time>
      </trkpt>
      <trkpt lat="41.60393" lon="20.61081">
        <ele>669</ele>
        <time>2026-08-05T11:00:42+00:00</time>
      </trkpt>
      <trkpt lat="41.604" lon="20.61073">
        <ele>669</ele>
        <time>2026-08-05T11:00:45+00:00</time>
      </trkpt>
      <trkpt lat="41.60404" lon="20.61069">
        <ele>671</ele>
        <time>2026-08-05T11:00:48+00:00</time>
      </trkpt>
      <trkpt lat="41.60406" lon="20.61065">
        <ele>671</ele>
        <time>2026-08-05T11:00:51+00:00</time>
      </trkpt>
      <trkpt lat="41.60406" lon="20.61053">
        <ele>671</ele>
        <time>2026-08-05T11:00:54+00:00</time>
      </trkpt>
      <trkpt lat="41.60408" lon="20.61046">
        <ele>675</ele>
        <time>2026-08-05T11:00:57+00:00</time>
      </trkpt>
      <trkpt lat="41.60406" lon="20.6104">
        <ele>675</ele>
        <time>2026-08-05T11:01:00+00:00</time>
      </trkpt>
      <trkpt lat="41.60402" lon="20.61022">
        <ele>675</ele>
        <time>2026-08-05T11:01:03+00:00</time>
      </trkpt>
      <trkpt lat="41.60401" lon="20.61016">
        <ele>678</ele>
        <time>2026-08-05T11:01:06+00:00</time>
      </trkpt>
      <trkpt lat="41.60399" lon="20.6101">
        <ele>678</ele>
        <time>2026-08-05T11:01:09+00:00</time>
      </trkpt>
      <trkpt lat="41.604" lon="20.61006">
        <ele>678</ele>
        <time>2026-08-05T11:01:12+00:00</time>
      </trkpt>
      <trkpt lat="41.60401" lon="20.61">
        <ele>678</ele>
        <time>2026-08-05T11:01:15+00:00</time>
      </trkpt>
      <trkpt lat="41.60404" lon="20.61001">
        <ele>678</ele>
        <time>2026-08-05T11:01:18+00:00</time>
      </trkpt>
      <trkpt lat="41.60406" lon="20.61">
        <ele>678</ele>
        <time>2026-08-05T11:01:21+00:00</time>
      </trkpt>
      <trkpt lat="41.60405" lon="20.60999">
        <ele>678</ele>
        <time>2026-08-05T11:01:24+00:00</time>
      </trkpt>
      <trkpt lat="41.60406" lon="20.60998">
        <ele>678</ele>
        <time>2026-08-05T11:01:27+00:00</time>
      </trkpt>
      <trkpt lat="41.6041" lon="20.60998">
        <ele>678</ele>
        <time>2026-08-05T11:01:30+00:00</time>
      </trkpt>
      <trkpt lat="41.60413" lon="20.60994">
        <ele>677</ele>
        <time>2026-08-05T11:01:33+00:00</time>
      </trkpt>
      <trkpt lat="41.60415" lon="20.60994">
        <ele>677</ele>
        <time>2026-08-05T11:01:36+00:00</time>
      </trkpt>
      <trkpt lat="41.60415" lon="20.60991">
        <ele>677</ele>
        <time>2026-08-05T11:01:39+00:00</time>
      </trkpt>
      <trkpt lat="41.60417" lon="20.60989">
        <ele>678</ele>
        <time>2026-08-05T11:01:42+00:00</time>
      </trkpt>
      <trkpt lat="41.60417" lon="20.60983">
        <ele>678</ele>
        <time>2026-08-05T11:01:45+00:00</time>
      </trkpt>
      <trkpt lat="41.60415" lon="20.60979">
        <ele>678</ele>
        <time>2026-08-05T11:01:48+00:00</time>
      </trkpt>
      <trkpt lat="41.60416" lon="20.60978">
        <ele>678</ele>
        <time>2026-08-05T11:01:51+00:00</time>
      </trkpt>
      <trkpt lat="41.6042" lon="20.60975">
        <ele>678</ele>
        <time>2026-08-05T11:01:54+00:00</time>
      </trkpt>
      <trkpt lat="41.60424" lon="20.60977">
        <ele>678</ele>
        <time>2026-08-05T11:01:57+00:00</time>
      </trkpt>
      <trkpt lat="41.60427" lon="20.60981">
        <ele>678</ele>
        <time>2026-08-05T11:02:00+00:00</time>
      </trkpt>
      <trkpt lat="41.60433" lon="20.60987">
        <ele>678</ele>
        <time>2026-08-05T11:02:03+00:00</time>
      </trkpt>
      <trkpt lat="41.6044" lon="20.6099">
        <ele>677</ele>
        <time>2026-08-05T11:02:06+00:00</time>
      </trkpt>
      <trkpt lat="41.60442" lon="20.6099">
        <ele>674</ele>
        <time>2026-08-05T11:02:09+00:00</time>
      </trkpt>
      <trkpt lat="41.60444" lon="20.60991">
        <ele>674</ele>
        <time>2026-08-05T11:02:12+00:00</time>
      </trkpt>
      <trkpt lat="41.60448" lon="20.60994">
        <ele>674</ele>
        <time>2026-08-05T11:02:15+00:00</time>
      </trkpt>
      <trkpt lat="41.60455" lon="20.60996">
        <ele>674</ele>
        <time>2026-08-05T11:02:18+00:00</time>
      </trkpt>
      <trkpt lat="41.60459" lon="20.60999">
        <ele>676</ele>
        <time>2026-08-05T11:02:21+00:00</time>
      </trkpt>
      <trkpt lat="41.60464" lon="20.61011">
        <ele>676</ele>
        <time>2026-08-05T11:02:24+00:00</time>
      </trkpt>
      <trkpt lat="41.60464" lon="20.61014">
        <ele>676</ele>
        <time>2026-08-05T11:02:27+00:00</time>
      </trkpt>
      <trkpt lat="41.60463" lon="20.61021">
        <ele>676</ele>
        <time>2026-08-05T11:02:30+00:00</time>
      </trkpt>
      <trkpt lat="41.60464" lon="20.61024">
        <ele>676</ele>
        <time>2026-08-05T11:02:33+00:00</time>
      </trkpt>
      <trkpt lat="41.60467" lon="20.61028">
        <ele>676</ele>
        <time>2026-08-05T11:02:36+00:00</time>
      </trkpt>
      <trkpt lat="41.60469" lon="20.61029">
        <ele>676</ele>
        <time>2026-08-05T11:02:39+00:00</time>
      </trkpt>
      <trkpt lat="41.60474" lon="20.61031">
        <ele>676</ele>
        <time>2026-08-05T11:02:42+00:00</time>
      </trkpt>
      <trkpt lat="41.60476" lon="20.61032">
        <ele>676</ele>
        <time>2026-08-05T11:02:45+00:00</time>
      </trkpt>
      <trkpt lat="41.60477" lon="20.6103">
        <ele>676</ele>
        <time>2026-08-05T11:02:48+00:00</time>
      </trkpt>
      <trkpt lat="41.6048" lon="20.61032">
        <ele>676</ele>
        <time>2026-08-05T11:02:51+00:00</time>
      </trkpt>
      <trkpt lat="41.60481" lon="20.61034">
        <ele>676</ele>
        <time>2026-08-05T11:02:54+00:00</time>
      </trkpt>
      <trkpt lat="41.60486" lon="20.61038">
        <ele>676</ele>
        <time>2026-08-05T11:02:57+00:00</time>
      </trkpt>
      <trkpt lat="41.60487" lon="20.61043">
        <ele>676</ele>
        <time>2026-08-05T11:03:00+00:00</time>
      </trkpt>
      <trkpt lat="41.60488" lon="20.61047">
        <ele>676</ele>
        <time>2026-08-05T11:03:03+00:00</time>
      </trkpt>
      <trkpt lat="41.60494" lon="20.61049">
        <ele>675</ele>
        <time>2026-08-05T11:03:06+00:00</time>
      </trkpt>
      <trkpt lat="41.60505" lon="20.6105">
        <ele>676</ele>
        <time>2026-08-05T11:03:09+00:00</time>
      </trkpt>
      <trkpt lat="41.60517" lon="20.61042">
        <ele>675</ele>
        <time>2026-08-05T11:03:12+00:00</time>
      </trkpt>
      <trkpt lat="41.60521" lon="20.6104">
        <ele>676</ele>
        <time>2026-08-05T11:03:15+00:00</time>
      </trkpt>
      <trkpt lat="41.60528" lon="20.61038">
        <ele>676</ele>
        <time>2026-08-05T11:03:18+00:00</time>
      </trkpt>
      <trkpt lat="41.60537" lon="20.61038">
        <ele>676</ele>
        <time>2026-08-05T11:03:21+00:00</time>
      </trkpt>
      <trkpt lat="41.60542" lon="20.61035">
        <ele>676</ele>
        <time>2026-08-05T11:03:24+00:00</time>
      </trkpt>
      <trkpt lat="41.60543" lon="20.61036">
        <ele>676</ele>
        <time>2026-08-05T11:03:27+00:00</time>
      </trkpt>
      <trkpt lat="41.60547" lon="20.61035">
        <ele>676</ele>
        <time>2026-08-05T11:03:30+00:00</time>
      </trkpt>
      <trkpt lat="41.60548" lon="20.61034">
        <ele>676</ele>
        <time>2026-08-05T11:03:33+00:00</time>
      </trkpt>
      <trkpt lat="41.60556" lon="20.61029">
        <ele>682</ele>
        <time>2026-08-05T11:03:36+00:00</time>
      </trkpt>
      <trkpt lat="41.60556" lon="20.61027">
        <ele>682</ele>
        <time>2026-08-05T11:03:39+00:00</time>
      </trkpt>
      <trkpt lat="41.60558" lon="20.61022">
        <ele>682</ele>
        <time>2026-08-05T11:03:42+00:00</time>
      </trkpt>
      <trkpt lat="41.60562" lon="20.61021">
        <ele>682</ele>
        <time>2026-08-05T11:03:45+00:00</time>
      </trkpt>
      <trkpt lat="41.60564" lon="20.6102">
        <ele>682</ele>
        <time>2026-08-05T11:03:48+00:00</time>
      </trkpt>
      <trkpt lat="41.60567" lon="20.61016">
        <ele>682</ele>
        <time>2026-08-05T11:03:51+00:00</time>
      </trkpt>
      <trkpt lat="41.60572" lon="20.61012">
        <ele>688</ele>
        <time>2026-08-05T11:03:54+00:00</time>
      </trkpt>
      <trkpt lat="41.60577" lon="20.61014">
        <ele>688</ele>
        <time>2026-08-05T11:03:57+00:00</time>
      </trkpt>
      <trkpt lat="41.60586" lon="20.61015">
        <ele>688</ele>
        <time>2026-08-05T11:04:00+00:00</time>
      </trkpt>
      <trkpt lat="41.6059" lon="20.61017">
        <ele>688</ele>
        <time>2026-08-05T11:04:03+00:00</time>
      </trkpt>
      <trkpt lat="41.60592" lon="20.61017">
        <ele>688</ele>
        <time>2026-08-05T11:04:06+00:00</time>
      </trkpt>
      <trkpt lat="41.60595" lon="20.61016">
        <ele>688</ele>
        <time>2026-08-05T11:04:09+00:00</time>
      </trkpt>
      <trkpt lat="41.60597" lon="20.61017">
        <ele>688</ele>
        <time>2026-08-05T11:04:12+00:00</time>
      </trkpt>
      <trkpt lat="41.60598" lon="20.61019">
        <ele>688</ele>
        <time>2026-08-05T11:04:15+00:00</time>
      </trkpt>
      <trkpt lat="41.606" lon="20.61024">
        <ele>692</ele>
        <time>2026-08-05T11:04:18+00:00</time>
      </trkpt>
      <trkpt lat="41.60601" lon="20.61027">
        <ele>692</ele>
        <time>2026-08-05T11:04:21+00:00</time>
      </trkpt>
      <trkpt lat="41.60599" lon="20.61032">
        <ele>686</ele>
        <time>2026-08-05T11:04:24+00:00</time>
      </trkpt>
      <trkpt lat="41.60598" lon="20.61038">
        <ele>689</ele>
        <time>2026-08-05T11:04:27+00:00</time>
      </trkpt>
      <trkpt lat="41.60595" lon="20.6105">
        <ele>689</ele>
        <time>2026-08-05T11:04:30+00:00</time>
      </trkpt>
      <trkpt lat="41.60596" lon="20.61057">
        <ele>687</ele>
        <time>2026-08-05T11:04:33+00:00</time>
      </trkpt>
      <trkpt lat="41.60595" lon="20.61076">
        <ele>689</ele>
        <time>2026-08-05T11:04:36+00:00</time>
      </trkpt>
      <trkpt lat="41.60597" lon="20.61087">
        <ele>684</ele>
        <time>2026-08-05T11:04:39+00:00</time>
      </trkpt>
      <trkpt lat="41.60599" lon="20.61096">
        <ele>684</ele>
        <time>2026-08-05T11:04:42+00:00</time>
      </trkpt>
      <trkpt lat="41.60601" lon="20.611">
        <ele>693</ele>
        <time>2026-08-05T11:04:45+00:00</time>
      </trkpt>
      <trkpt lat="41.60601" lon="20.61104">
        <ele>686</ele>
        <time>2026-08-05T11:04:48+00:00</time>
      </trkpt>
      <trkpt lat="41.606" lon="20.61107">
        <ele>693</ele>
        <time>2026-08-05T11:04:51+00:00</time>
      </trkpt>
      <trkpt lat="41.606" lon="20.6111">
        <ele>682</ele>
        <time>2026-08-05T11:04:54+00:00</time>
      </trkpt>
      <trkpt lat="41.60597" lon="20.61123">
        <ele>682</ele>
        <time>2026-08-05T11:04:57+00:00</time>
      </trkpt>
      <trkpt lat="41.60597" lon="20.6113">
        <ele>682</ele>
        <time>2026-08-05T11:05:00+00:00</time>
      </trkpt>
      <trkpt lat="41.60596" lon="20.61131">
        <ele>683</ele>
        <time>2026-08-05T11:05:03+00:00</time>
      </trkpt>
      <trkpt lat="41.60596" lon="20.6113">
        <ele>682</ele>
        <time>2026-08-05T11:05:06+00:00</time>
      </trkpt>
      <trkpt lat="41.60596" lon="20.61134">
        <ele>683</ele>
        <time>2026-08-05T11:05:09+00:00</time>
      </trkpt>
      <trkpt lat="41.60596" lon="20.61147">
        <ele>683</ele>
        <time>2026-08-05T11:05:12+00:00</time>
      </trkpt>
      <trkpt lat="41.60594" lon="20.61152">
        <ele>683</ele>
        <time>2026-08-05T11:05:15+00:00</time>
      </trkpt>
      <trkpt lat="41.60591" lon="20.6116">
        <ele>683</ele>
        <time>2026-08-05T11:05:18+00:00</time>
      </trkpt>
      <trkpt lat="41.6059" lon="20.61167">
        <ele>689</ele>
        <time>2026-08-05T11:05:21+00:00</time>
      </trkpt>
      <trkpt lat="41.60588" lon="20.61172">
        <ele>689</ele>
        <time>2026-08-05T11:05:24+00:00</time>
      </trkpt>
      <trkpt lat="41.60587" lon="20.61177">
        <ele>689</ele>
        <time>2026-08-05T11:05:27+00:00</time>
      </trkpt>
      <trkpt lat="41.60582" lon="20.61197">
        <ele>686</ele>
        <time>2026-08-05T11:05:30+00:00</time>
      </trkpt>
      <trkpt lat="41.60577" lon="20.61208">
        <ele>696</ele>
        <time>2026-08-05T11:05:33+00:00</time>
      </trkpt>
      <trkpt lat="41.60574" lon="20.61213">
        <ele>706</ele>
        <time>2026-08-05T11:05:36+00:00</time>
      </trkpt>
      <trkpt lat="41.60569" lon="20.61226">
        <ele>690</ele>
        <time>2026-08-05T11:05:39+00:00</time>
      </trkpt>
      <trkpt lat="41.60568" lon="20.61228">
        <ele>690</ele>
        <time>2026-08-05T11:05:42+00:00</time>
      </trkpt>
      <trkpt lat="41.60561" lon="20.61234">
        <ele>690</ele>
        <time>2026-08-05T11:05:45+00:00</time>
      </trkpt>
      <trkpt lat="41.60555" lon="20.61242">
        <ele>701</ele>
        <time>2026-08-05T11:05:48+00:00</time>
      </trkpt>
      <trkpt lat="41.60553" lon="20.61243">
        <ele>688</ele>
        <time>2026-08-05T11:05:51+00:00</time>
      </trkpt>
      <trkpt lat="41.6055" lon="20.61245">
        <ele>701</ele>
        <time>2026-08-05T11:05:54+00:00</time>
      </trkpt>
      <trkpt lat="41.60534" lon="20.61269">
        <ele>687</ele>
        <time>2026-08-05T11:05:57+00:00</time>
      </trkpt>
      <trkpt lat="41.60526" lon="20.61272">
        <ele>700</ele>
        <time>2026-08-05T11:06:00+00:00</time>
      </trkpt>
      <trkpt lat="41.60517" lon="20.61276">
        <ele>687</ele>
        <time>2026-08-05T11:06:03+00:00</time>
      </trkpt>
      <trkpt lat="41.60507" lon="20.61283">
        <ele>687</ele>
        <time>2026-08-05T11:06:06+00:00</time>
      </trkpt>
      <trkpt lat="41.60498" lon="20.61286">
        <ele>687</ele>
        <time>2026-08-05T11:06:09+00:00</time>
      </trkpt>
      <trkpt lat="41.60493" lon="20.61289">
        <ele>687</ele>
        <time>2026-08-05T11:06:12+00:00</time>
      </trkpt>
      <trkpt lat="41.6049" lon="20.61294">
        <ele>687</ele>
        <time>2026-08-05T11:06:15+00:00</time>
      </trkpt>
      <trkpt lat="41.60488" lon="20.61296">
        <ele>676</ele>
        <time>2026-08-05T11:06:18+00:00</time>
      </trkpt>
      <trkpt lat="41.6048" lon="20.61295">
        <ele>676</ele>
        <time>2026-08-05T11:06:21+00:00</time>
      </trkpt>
      <trkpt lat="41.60474" lon="20.61295">
        <ele>676</ele>
        <time>2026-08-05T11:06:24+00:00</time>
      </trkpt>
      <trkpt lat="41.60464" lon="20.61298">
        <ele>676</ele>
        <time>2026-08-05T11:06:27+00:00</time>
      </trkpt>
      <trkpt lat="41.60453" lon="20.61299">
        <ele>673</ele>
        <time>2026-08-05T11:06:30+00:00</time>
      </trkpt>
      <trkpt lat="41.6045" lon="20.61301">
        <ele>680</ele>
        <time>2026-08-05T11:06:33+00:00</time>
      </trkpt>
      <trkpt lat="41.6044" lon="20.61305">
        <ele>680</ele>
        <time>2026-08-05T11:06:36+00:00</time>
      </trkpt>
      <trkpt lat="41.60438" lon="20.61307">
        <ele>673</ele>
        <time>2026-08-05T11:06:39+00:00</time>
      </trkpt>
      <trkpt lat="41.60433" lon="20.61309">
        <ele>673</ele>
        <time>2026-08-05T11:06:42+00:00</time>
      </trkpt>
      <trkpt lat="41.60421" lon="20.6132">
        <ele>678</ele>
        <time>2026-08-05T11:06:45+00:00</time>
      </trkpt>
      <trkpt lat="41.60416" lon="20.61323">
        <ele>683</ele>
        <time>2026-08-05T11:06:48+00:00</time>
      </trkpt>
      <trkpt lat="41.60401" lon="20.61324">
        <ele>677</ele>
        <time>2026-08-05T11:06:51+00:00</time>
      </trkpt>
      <trkpt lat="41.60395" lon="20.61326">
        <ele>676</ele>
        <time>2026-08-05T11:06:54+00:00</time>
      </trkpt>
      <trkpt lat="41.60382" lon="20.61325">
        <ele>676</ele>
        <time>2026-08-05T11:06:57+00:00</time>
      </trkpt>
      <trkpt lat="41.60377" lon="20.61327">
        <ele>677</ele>
        <time>2026-08-05T11:07:00+00:00</time>
      </trkpt>
      <trkpt lat="41.60358" lon="20.61334">
        <ele>677</ele>
        <time>2026-08-05T11:07:03+00:00</time>
      </trkpt>
      <trkpt lat="41.60336" lon="20.6134">
        <ele>683</ele>
        <time>2026-08-05T11:07:06+00:00</time>
      </trkpt>
      <trkpt lat="41.6033" lon="20.6134">
        <ele>683</ele>
        <time>2026-08-05T11:07:09+00:00</time>
      </trkpt>
      <trkpt lat="41.60322" lon="20.61338">
        <ele>683</ele>
        <time>2026-08-05T11:07:12+00:00</time>
      </trkpt>
      <trkpt lat="41.60315" lon="20.61338">
        <ele>694</ele>
        <time>2026-08-05T11:07:15+00:00</time>
      </trkpt>
      <trkpt lat="41.60313" lon="20.61339">
        <ele>694</ele>
        <time>2026-08-05T11:07:18+00:00</time>
      </trkpt>
      <trkpt lat="41.60312" lon="20.61339">
        <ele>694</ele>
        <time>2026-08-05T11:07:21+00:00</time>
      </trkpt>
      <trkpt lat="41.60295" lon="20.61336">
        <ele>697</ele>
        <time>2026-08-05T11:07:24+00:00</time>
      </trkpt>
      <trkpt lat="41.60289" lon="20.61334">
        <ele>697</ele>
        <time>2026-08-05T11:07:27+00:00</time>
      </trkpt>
      <trkpt lat="41.60282" lon="20.61333">
        <ele>697</ele>
        <time>2026-08-05T11:07:30+00:00</time>
      </trkpt>
      <trkpt lat="41.60276" lon="20.61335">
        <ele>697</ele>
        <time>2026-08-05T11:07:33+00:00</time>
      </trkpt>
      <trkpt lat="41.60273" lon="20.61337">
        <ele>697</ele>
        <time>2026-08-05T11:07:36+00:00</time>
      </trkpt>
      <trkpt lat="41.60269" lon="20.61338">
        <ele>702</ele>
        <time>2026-08-05T11:07:39+00:00</time>
      </trkpt>
      <trkpt lat="41.60266" lon="20.61341">
        <ele>702</ele>
        <time>2026-08-05T11:07:42+00:00</time>
      </trkpt>
      <trkpt lat="41.60259" lon="20.61345">
        <ele>702</ele>
        <time>2026-08-05T11:07:45+00:00</time>
      </trkpt>
      <trkpt lat="41.60256" lon="20.61348">
        <ele>702</ele>
        <time>2026-08-05T11:07:48+00:00</time>
      </trkpt>
      <trkpt lat="41.60253" lon="20.6135">
        <ele>702</ele>
        <time>2026-08-05T11:07:51+00:00</time>
      </trkpt>
      <trkpt lat="41.60247" lon="20.61351">
        <ele>714</ele>
        <time>2026-08-05T11:07:54+00:00</time>
      </trkpt>
      <trkpt lat="41.60248" lon="20.61352">
        <ele>714</ele>
        <time>2026-08-05T11:07:57+00:00</time>
      </trkpt>
      <trkpt lat="41.60247" lon="20.61353">
        <ele>714</ele>
        <time>2026-08-05T11:08:00+00:00</time>
      </trkpt>
      <trkpt lat="41.60244" lon="20.61353">
        <ele>714</ele>
        <time>2026-08-05T11:08:03+00:00</time>
      </trkpt>
      <trkpt lat="41.60243" lon="20.6135">
        <ele>702</ele>
        <time>2026-08-05T11:08:06+00:00</time>
      </trkpt>
      <trkpt lat="41.60241" lon="20.61349">
        <ele>702</ele>
        <time>2026-08-05T11:08:09+00:00</time>
      </trkpt>
      <trkpt lat="41.60234" lon="20.61349">
        <ele>705</ele>
        <time>2026-08-05T11:08:12+00:00</time>
      </trkpt>
      <trkpt lat="41.60227" lon="20.61347">
        <ele>705</ele>
        <time>2026-08-05T11:08:15+00:00</time>
      </trkpt>
      <trkpt lat="41.60222" lon="20.61347">
        <ele>705</ele>
        <time>2026-08-05T11:08:18+00:00</time>
      </trkpt>
      <trkpt lat="41.60217" lon="20.61346">
        <ele>705</ele>
        <time>2026-08-05T11:08:21+00:00</time>
      </trkpt>
      <trkpt lat="41.60213" lon="20.61344">
        <ele>705</ele>
        <time>2026-08-05T11:08:24+00:00</time>
      </trkpt>
      <trkpt lat="41.60205" lon="20.61343">
        <ele>706</ele>
        <time>2026-08-05T11:08:27+00:00</time>
      </trkpt>
      <trkpt lat="41.60199" lon="20.61344">
        <ele>706</ele>
        <time>2026-08-05T11:08:30+00:00</time>
      </trkpt>
      <trkpt lat="41.60193" lon="20.61343">
        <ele>706</ele>
        <time>2026-08-05T11:08:33+00:00</time>
      </trkpt>
      <trkpt lat="41.60178" lon="20.61326">
        <ele>705</ele>
        <time>2026-08-05T11:08:36+00:00</time>
      </trkpt>
      <trkpt lat="41.60169" lon="20.61318">
        <ele>700</ele>
        <time>2026-08-05T11:08:39+00:00</time>
      </trkpt>
      <trkpt lat="41.60166" lon="20.61316">
        <ele>700</ele>
        <time>2026-08-05T11:08:42+00:00</time>
      </trkpt>
      <trkpt lat="41.60164" lon="20.61317">
        <ele>700</ele>
        <time>2026-08-05T11:08:45+00:00</time>
      </trkpt>
      <trkpt lat="41.60161" lon="20.61315">
        <ele>700</ele>
        <time>2026-08-05T11:08:48+00:00</time>
      </trkpt>
      <trkpt lat="41.60153" lon="20.61309">
        <ele>697</ele>
        <time>2026-08-05T11:08:51+00:00</time>
      </trkpt>
      <trkpt lat="41.60146" lon="20.61307">
        <ele>706</ele>
        <time>2026-08-05T11:08:54+00:00</time>
      </trkpt>
      <trkpt lat="41.60127" lon="20.61291">
        <ele>690</ele>
        <time>2026-08-05T11:08:57+00:00</time>
      </trkpt>
      <trkpt lat="41.60123" lon="20.61289">
        <ele>690</ele>
        <time>2026-08-05T11:09:00+00:00</time>
      </trkpt>
      <trkpt lat="41.60106" lon="20.61287">
        <ele>690</ele>
        <time>2026-08-05T11:09:03+00:00</time>
      </trkpt>
      <trkpt lat="41.60101" lon="20.61285">
        <ele>690</ele>
        <time>2026-08-05T11:09:06+00:00</time>
      </trkpt>
      <trkpt lat="41.60095" lon="20.61284">
        <ele>685</ele>
        <time>2026-08-05T11:09:09+00:00</time>
      </trkpt>
      <trkpt lat="41.60089" lon="20.61285">
        <ele>685</ele>
        <time>2026-08-05T11:09:12+00:00</time>
      </trkpt>
      <trkpt lat="41.60078" lon="20.61287">
        <ele>685</ele>
        <time>2026-08-05T11:09:15+00:00</time>
      </trkpt>
      <trkpt lat="41.60072" lon="20.6129">
        <ele>685</ele>
        <time>2026-08-05T11:09:18+00:00</time>
      </trkpt>
      <trkpt lat="41.60067" lon="20.61291">
        <ele>683</ele>
        <time>2026-08-05T11:09:21+00:00</time>
      </trkpt>
      <trkpt lat="41.60054" lon="20.61291">
        <ele>683</ele>
        <time>2026-08-05T11:09:24+00:00</time>
      </trkpt>
      <trkpt lat="41.60051" lon="20.61292">
        <ele>683</ele>
        <time>2026-08-05T11:09:27+00:00</time>
      </trkpt>
      <trkpt lat="41.60047" lon="20.61294">
        <ele>683</ele>
        <time>2026-08-05T11:09:30+00:00</time>
      </trkpt>
      <trkpt lat="41.6004" lon="20.61294">
        <ele>683</ele>
        <time>2026-08-05T11:09:33+00:00</time>
      </trkpt>
      <trkpt lat="41.60028" lon="20.61296">
        <ele>683</ele>
        <time>2026-08-05T11:09:36+00:00</time>
      </trkpt>
      <trkpt lat="41.60024" lon="20.61299">
        <ele>683</ele>
        <time>2026-08-05T11:09:39+00:00</time>
      </trkpt>
      <trkpt lat="41.60021" lon="20.613">
        <ele>699</ele>
        <time>2026-08-05T11:09:42+00:00</time>
      </trkpt>
      <trkpt lat="41.60016" lon="20.613">
        <ele>697</ele>
        <time>2026-08-05T11:09:45+00:00</time>
      </trkpt>
      <trkpt lat="41.60003" lon="20.61305">
        <ele>688</ele>
        <time>2026-08-05T11:09:48+00:00</time>
      </trkpt>
      <trkpt lat="41.59998" lon="20.61306">
        <ele>697</ele>
        <time>2026-08-05T11:09:51+00:00</time>
      </trkpt>
      <trkpt lat="41.59996" lon="20.61307">
        <ele>697</ele>
        <time>2026-08-05T11:09:54+00:00</time>
      </trkpt>
      <trkpt lat="41.59987" lon="20.61309">
        <ele>694</ele>
        <time>2026-08-05T11:09:57+00:00</time>
      </trkpt>
      <trkpt lat="41.5998" lon="20.6131">
        <ele>684</ele>
        <time>2026-08-05T11:10:00+00:00</time>
      </trkpt>
      <trkpt lat="41.59974" lon="20.6131">
        <ele>694</ele>
        <time>2026-08-05T11:10:03+00:00</time>
      </trkpt>
      <trkpt lat="41.59966" lon="20.61311">
        <ele>694</ele>
        <time>2026-08-05T11:10:06+00:00</time>
      </trkpt>
      <trkpt lat="41.59958" lon="20.61313">
        <ele>681</ele>
        <time>2026-08-05T11:10:09+00:00</time>
      </trkpt>
      <trkpt lat="41.59949" lon="20.61321">
        <ele>697</ele>
        <time>2026-08-05T11:10:12+00:00</time>
      </trkpt>
      <trkpt lat="41.59945" lon="20.61326">
        <ele>697</ele>
        <time>2026-08-05T11:10:15+00:00</time>
      </trkpt>
      <trkpt lat="41.59937" lon="20.61335">
        <ele>687</ele>
        <time>2026-08-05T11:10:18+00:00</time>
      </trkpt>
      <trkpt lat="41.59934" lon="20.61339">
        <ele>680</ele>
        <time>2026-08-05T11:10:21+00:00</time>
      </trkpt>
      <trkpt lat="41.59922" lon="20.61348">
        <ele>680</ele>
        <time>2026-08-05T11:10:24+00:00</time>
      </trkpt>
      <trkpt lat="41.59915" lon="20.61355">
        <ele>686</ele>
        <time>2026-08-05T11:10:27+00:00</time>
      </trkpt>
      <trkpt lat="41.59909" lon="20.61365">
        <ele>676</ele>
        <time>2026-08-05T11:10:30+00:00</time>
      </trkpt>
      <trkpt lat="41.59906" lon="20.61371">
        <ele>676</ele>
        <time>2026-08-05T11:10:33+00:00</time>
      </trkpt>
      <trkpt lat="41.59902" lon="20.61375">
        <ele>676</ele>
        <time>2026-08-05T11:10:36+00:00</time>
      </trkpt>
      <trkpt lat="41.59897" lon="20.61383">
        <ele>685</ele>
        <time>2026-08-05T11:10:39+00:00</time>
      </trkpt>
      <trkpt lat="41.59889" lon="20.61391">
        <ele>685</ele>
        <time>2026-08-05T11:10:42+00:00</time>
      </trkpt>
      <trkpt lat="41.59884" lon="20.61397">
        <ele>685</ele>
        <time>2026-08-05T11:10:45+00:00</time>
      </trkpt>
      <trkpt lat="41.59879" lon="20.61406">
        <ele>681</ele>
        <time>2026-08-05T11:10:48+00:00</time>
      </trkpt>
      <trkpt lat="41.59874" lon="20.61411">
        <ele>677</ele>
        <time>2026-08-05T11:10:51+00:00</time>
      </trkpt>
      <trkpt lat="41.59873" lon="20.61413">
        <ele>677</ele>
        <time>2026-08-05T11:10:54+00:00</time>
      </trkpt>
      <trkpt lat="41.59872" lon="20.61417">
        <ele>677</ele>
        <time>2026-08-05T11:10:57+00:00</time>
      </trkpt>
      <trkpt lat="41.59864" lon="20.6143">
        <ele>684</ele>
        <time>2026-08-05T11:11:00+00:00</time>
      </trkpt>
      <trkpt lat="41.59863" lon="20.61434">
        <ele>677</ele>
        <time>2026-08-05T11:11:03+00:00</time>
      </trkpt>
      <trkpt lat="41.59861" lon="20.61438">
        <ele>677</ele>
        <time>2026-08-05T11:11:06+00:00</time>
      </trkpt>
      <trkpt lat="41.59856" lon="20.61442">
        <ele>687</ele>
        <time>2026-08-05T11:11:09+00:00</time>
      </trkpt>
      <trkpt lat="41.59855" lon="20.61445">
        <ele>687</ele>
        <time>2026-08-05T11:11:12+00:00</time>
      </trkpt>
      <trkpt lat="41.59852" lon="20.61452">
        <ele>684</ele>
        <time>2026-08-05T11:11:15+00:00</time>
      </trkpt>
      <trkpt lat="41.59849" lon="20.61462">
        <ele>685</ele>
        <time>2026-08-05T11:11:18+00:00</time>
      </trkpt>
      <trkpt lat="41.59847" lon="20.61466">
        <ele>685</ele>
        <time>2026-08-05T11:11:21+00:00</time>
      </trkpt>
      <trkpt lat="41.59836" lon="20.61477">
        <ele>679</ele>
        <time>2026-08-05T11:11:24+00:00</time>
      </trkpt>
      <trkpt lat="41.59831" lon="20.61478">
        <ele>685</ele>
        <time>2026-08-05T11:11:27+00:00</time>
      </trkpt>
      <trkpt lat="41.59824" lon="20.61478">
        <ele>685</ele>
        <time>2026-08-05T11:11:30+00:00</time>
      </trkpt>
      <trkpt lat="41.59816" lon="20.6148">
        <ele>675</ele>
        <time>2026-08-05T11:11:33+00:00</time>
      </trkpt>
      <trkpt lat="41.59805" lon="20.61479">
        <ele>675</ele>
        <time>2026-08-05T11:11:36+00:00</time>
      </trkpt>
      <trkpt lat="41.59798" lon="20.61482">
        <ele>665</ele>
        <time>2026-08-05T11:11:39+00:00</time>
      </trkpt>
      <trkpt lat="41.59795" lon="20.61483">
        <ele>674</ele>
        <time>2026-08-05T11:11:42+00:00</time>
      </trkpt>
      <trkpt lat="41.59791" lon="20.61487">
        <ele>665</ele>
        <time>2026-08-05T11:11:45+00:00</time>
      </trkpt>
      <trkpt lat="41.59788" lon="20.6149">
        <ele>665</ele>
        <time>2026-08-05T11:11:48+00:00</time>
      </trkpt>
      <trkpt lat="41.59786" lon="20.6149">
        <ele>673</ele>
        <time>2026-08-05T11:11:51+00:00</time>
      </trkpt>
      <trkpt lat="41.59779" lon="20.61495">
        <ele>673</ele>
        <time>2026-08-05T11:11:54+00:00</time>
      </trkpt>
      <trkpt lat="41.59774" lon="20.61504">
        <ele>673</ele>
        <time>2026-08-05T11:11:57+00:00</time>
      </trkpt>
      <trkpt lat="41.59771" lon="20.61506">
        <ele>673</ele>
        <time>2026-08-05T11:12:00+00:00</time>
      </trkpt>
      <trkpt lat="41.59763" lon="20.61515">
        <ele>666</ele>
        <time>2026-08-05T11:12:03+00:00</time>
      </trkpt>
      <trkpt lat="41.59756" lon="20.6152">
        <ele>673</ele>
        <time>2026-08-05T11:12:06+00:00</time>
      </trkpt>
      <trkpt lat="41.59747" lon="20.6153">
        <ele>677</ele>
        <time>2026-08-05T11:12:09+00:00</time>
      </trkpt>
      <trkpt lat="41.59743" lon="20.61533">
        <ele>677</ele>
        <time>2026-08-05T11:12:12+00:00</time>
      </trkpt>
      <trkpt lat="41.5973" lon="20.61538">
        <ele>671</ele>
        <time>2026-08-05T11:12:15+00:00</time>
      </trkpt>
      <trkpt lat="41.59722" lon="20.61538">
        <ele>674</ele>
        <time>2026-08-05T11:12:18+00:00</time>
      </trkpt>
      <trkpt lat="41.59715" lon="20.61536">
        <ele>674</ele>
        <time>2026-08-05T11:12:21+00:00</time>
      </trkpt>
      <trkpt lat="41.59707" lon="20.61536">
        <ele>669</ele>
        <time>2026-08-05T11:12:24+00:00</time>
      </trkpt>
      <trkpt lat="41.59704" lon="20.61537">
        <ele>669</ele>
        <time>2026-08-05T11:12:27+00:00</time>
      </trkpt>
      <trkpt lat="41.59697" lon="20.61541">
        <ele>669</ele>
        <time>2026-08-05T11:12:30+00:00</time>
      </trkpt>
      <trkpt lat="41.59694" lon="20.61542">
        <ele>669</ele>
        <time>2026-08-05T11:12:33+00:00</time>
      </trkpt>
      <trkpt lat="41.59691" lon="20.61543">
        <ele>669</ele>
        <time>2026-08-05T11:12:36+00:00</time>
      </trkpt>
      <trkpt lat="41.59689" lon="20.61542">
        <ele>665</ele>
        <time>2026-08-05T11:12:39+00:00</time>
      </trkpt>
      <trkpt lat="41.59683" lon="20.61543">
        <ele>665</ele>
        <time>2026-08-05T11:12:42+00:00</time>
      </trkpt>
      <trkpt lat="41.5968" lon="20.61543">
        <ele>665</ele>
        <time>2026-08-05T11:12:45+00:00</time>
      </trkpt>
      <trkpt lat="41.59662" lon="20.61549">
        <ele>665</ele>
        <time>2026-08-05T11:12:48+00:00</time>
      </trkpt>
      <trkpt lat="41.5964" lon="20.61562">
        <ele>669</ele>
        <time>2026-08-05T11:12:51+00:00</time>
      </trkpt>
      <trkpt lat="41.59631" lon="20.61569">
        <ele>669</ele>
        <time>2026-08-05T11:12:54+00:00</time>
      </trkpt>
      <trkpt lat="41.59619" lon="20.61578">
        <ele>672</ele>
        <time>2026-08-05T11:12:57+00:00</time>
      </trkpt>
      <trkpt lat="41.59615" lon="20.61585">
        <ele>672</ele>
        <time>2026-08-05T11:13:00+00:00</time>
      </trkpt>
      <trkpt lat="41.59613" lon="20.6159">
        <ele>672</ele>
        <time>2026-08-05T11:13:03+00:00</time>
      </trkpt>
      <trkpt lat="41.59604" lon="20.61595">
        <ele>672</ele>
        <time>2026-08-05T11:13:06+00:00</time>
      </trkpt>
      <trkpt lat="41.59599" lon="20.61601">
        <ele>680</ele>
        <time>2026-08-05T11:13:09+00:00</time>
      </trkpt>
      <trkpt lat="41.5959" lon="20.61607">
        <ele>680</ele>
        <time>2026-08-05T11:13:12+00:00</time>
      </trkpt>
      <trkpt lat="41.59584" lon="20.61608">
        <ele>674</ele>
        <time>2026-08-05T11:13:15+00:00</time>
      </trkpt>
      <trkpt lat="41.59577" lon="20.61606">
        <ele>680</ele>
        <time>2026-08-05T11:13:18+00:00</time>
      </trkpt>
      <trkpt lat="41.59568" lon="20.61607">
        <ele>676</ele>
        <time>2026-08-05T11:13:21+00:00</time>
      </trkpt>
      <trkpt lat="41.59562" lon="20.61607">
        <ele>671</ele>
        <time>2026-08-05T11:13:24+00:00</time>
      </trkpt>
      <trkpt lat="41.59552" lon="20.61608">
        <ele>676</ele>
        <time>2026-08-05T11:13:27+00:00</time>
      </trkpt>
      <trkpt lat="41.59547" lon="20.61607">
        <ele>668</ele>
        <time>2026-08-05T11:13:30+00:00</time>
      </trkpt>
      <trkpt lat="41.5954" lon="20.61607">
        <ele>668</ele>
        <time>2026-08-05T11:13:33+00:00</time>
      </trkpt>
      <trkpt lat="41.59533" lon="20.61608">
        <ele>668</ele>
        <time>2026-08-05T11:13:36+00:00</time>
      </trkpt>
      <trkpt lat="41.59526" lon="20.61611">
        <ele>668</ele>
        <time>2026-08-05T11:13:39+00:00</time>
      </trkpt>
      <trkpt lat="41.59521" lon="20.61611">
        <ele>668</ele>
        <time>2026-08-05T11:13:42+00:00</time>
      </trkpt>
      <trkpt lat="41.59513" lon="20.61614">
        <ele>659</ele>
        <time>2026-08-05T11:13:45+00:00</time>
      </trkpt>
      <trkpt lat="41.59508" lon="20.61617">
        <ele>659</ele>
        <time>2026-08-05T11:13:48+00:00</time>
      </trkpt>
      <trkpt lat="41.59499" lon="20.6162">
        <ele>659</ele>
        <time>2026-08-05T11:13:51+00:00</time>
      </trkpt>
      <trkpt lat="41.59486" lon="20.61627">
        <ele>658</ele>
        <time>2026-08-05T11:13:54+00:00</time>
      </trkpt>
      <trkpt lat="41.59477" lon="20.61629">
        <ele>654</ele>
        <time>2026-08-05T11:13:57+00:00</time>
      </trkpt>
      <trkpt lat="41.59469" lon="20.61635">
        <ele>658</ele>
        <time>2026-08-05T11:14:00+00:00</time>
      </trkpt>
      <trkpt lat="41.59464" lon="20.61636">
        <ele>658</ele>
        <time>2026-08-05T11:14:03+00:00</time>
      </trkpt>
      <trkpt lat="41.59454" lon="20.61643">
        <ele>655</ele>
        <time>2026-08-05T11:14:06+00:00</time>
      </trkpt>
      <trkpt lat="41.59452" lon="20.61645">
        <ele>655</ele>
        <time>2026-08-05T11:14:09+00:00</time>
      </trkpt>
      <trkpt lat="41.59449" lon="20.61651">
        <ele>655</ele>
        <time>2026-08-05T11:14:12+00:00</time>
      </trkpt>
      <trkpt lat="41.59447" lon="20.61655">
        <ele>658</ele>
        <time>2026-08-05T11:14:15+00:00</time>
      </trkpt>
      <trkpt lat="41.59446" lon="20.61661">
        <ele>663</ele>
        <time>2026-08-05T11:14:18+00:00</time>
      </trkpt>
      <trkpt lat="41.59445" lon="20.61663">
        <ele>663</ele>
        <time>2026-08-05T11:14:21+00:00</time>
      </trkpt>
      <trkpt lat="41.5944" lon="20.61666">
        <ele>663</ele>
        <time>2026-08-05T11:14:24+00:00</time>
      </trkpt>
      <trkpt lat="41.59435" lon="20.61666">
        <ele>659</ele>
        <time>2026-08-05T11:14:27+00:00</time>
      </trkpt>
      <trkpt lat="41.5943" lon="20.61668">
        <ele>659</ele>
        <time>2026-08-05T11:14:30+00:00</time>
      </trkpt>
      <trkpt lat="41.59422" lon="20.61677">
        <ele>659</ele>
        <time>2026-08-05T11:14:33+00:00</time>
      </trkpt>
      <trkpt lat="41.59417" lon="20.61679">
        <ele>659</ele>
        <time>2026-08-05T11:14:36+00:00</time>
      </trkpt>
      <trkpt lat="41.59414" lon="20.61682">
        <ele>659</ele>
        <time>2026-08-05T11:14:39+00:00</time>
      </trkpt>
      <trkpt lat="41.59411" lon="20.61687">
        <ele>659</ele>
        <time>2026-08-05T11:14:42+00:00</time>
      </trkpt>
      <trkpt lat="41.59406" lon="20.61692">
        <ele>659</ele>
        <time>2026-08-05T11:14:45+00:00</time>
      </trkpt>
      <trkpt lat="41.59397" lon="20.61703">
        <ele>659</ele>
        <time>2026-08-05T11:14:48+00:00</time>
      </trkpt>
      <trkpt lat="41.59393" lon="20.61707">
        <ele>659</ele>
        <time>2026-08-05T11:14:51+00:00</time>
      </trkpt>
      <trkpt lat="41.59391" lon="20.61709">
        <ele>659</ele>
        <time>2026-08-05T11:14:54+00:00</time>
      </trkpt>
      <trkpt lat="41.59381" lon="20.61713">
        <ele>662</ele>
        <time>2026-08-05T11:14:57+00:00</time>
      </trkpt>
      <trkpt lat="41.59365" lon="20.61727">
        <ele>658</ele>
        <time>2026-08-05T11:15:00+00:00</time>
      </trkpt>
      <trkpt lat="41.59344" lon="20.61738">
        <ele>657</ele>
        <time>2026-08-05T11:15:03+00:00</time>
      </trkpt>
      <trkpt lat="41.59343" lon="20.6174">
        <ele>657</ele>
        <time>2026-08-05T11:15:06+00:00</time>
      </trkpt>
      <trkpt lat="41.59339" lon="20.61749">
        <ele>657</ele>
        <time>2026-08-05T11:15:09+00:00</time>
      </trkpt>
      <trkpt lat="41.59336" lon="20.61758">
        <ele>657</ele>
        <time>2026-08-05T11:15:12+00:00</time>
      </trkpt>
      <trkpt lat="41.59334" lon="20.61763">
        <ele>657</ele>
        <time>2026-08-05T11:15:15+00:00</time>
      </trkpt>
      <trkpt lat="41.59332" lon="20.61774">
        <ele>658</ele>
        <time>2026-08-05T11:15:18+00:00</time>
      </trkpt>
      <trkpt lat="41.5933" lon="20.6178">
        <ele>658</ele>
        <time>2026-08-05T11:15:21+00:00</time>
      </trkpt>
      <trkpt lat="41.59324" lon="20.61801">
        <ele>656</ele>
        <time>2026-08-05T11:15:24+00:00</time>
      </trkpt>
      <trkpt lat="41.59321" lon="20.61809">
        <ele>659</ele>
        <time>2026-08-05T11:15:27+00:00</time>
      </trkpt>
      <trkpt lat="41.59317" lon="20.61817">
        <ele>656</ele>
        <time>2026-08-05T11:15:30+00:00</time>
      </trkpt>
      <trkpt lat="41.59316" lon="20.61822">
        <ele>655</ele>
        <time>2026-08-05T11:15:33+00:00</time>
      </trkpt>
      <trkpt lat="41.59311" lon="20.6183">
        <ele>658</ele>
        <time>2026-08-05T11:15:36+00:00</time>
      </trkpt>
      <trkpt lat="41.59307" lon="20.61839">
        <ele>655</ele>
        <time>2026-08-05T11:15:39+00:00</time>
      </trkpt>
      <trkpt lat="41.59306" lon="20.61843">
        <ele>655</ele>
        <time>2026-08-05T11:15:42+00:00</time>
      </trkpt>
      <trkpt lat="41.59305" lon="20.61849">
        <ele>655</ele>
        <time>2026-08-05T11:15:45+00:00</time>
      </trkpt>
      <trkpt lat="41.59302" lon="20.61856">
        <ele>656</ele>
        <time>2026-08-05T11:15:48+00:00</time>
      </trkpt>
      <trkpt lat="41.59294" lon="20.61865">
        <ele>654</ele>
        <time>2026-08-05T11:15:51+00:00</time>
      </trkpt>
      <trkpt lat="41.59288" lon="20.61878">
        <ele>654</ele>
        <time>2026-08-05T11:15:54+00:00</time>
      </trkpt>
      <trkpt lat="41.59285" lon="20.61883">
        <ele>654</ele>
        <time>2026-08-05T11:15:57+00:00</time>
      </trkpt>
      <trkpt lat="41.59282" lon="20.61892">
        <ele>654</ele>
        <time>2026-08-05T11:16:00+00:00</time>
      </trkpt>
      <trkpt lat="41.59279" lon="20.61898">
        <ele>654</ele>
        <time>2026-08-05T11:16:03+00:00</time>
      </trkpt>
      <trkpt lat="41.59275" lon="20.61904">
        <ele>654</ele>
        <time>2026-08-05T11:16:06+00:00</time>
      </trkpt>
      <trkpt lat="41.59273" lon="20.61912">
        <ele>658</ele>
        <time>2026-08-05T11:16:09+00:00</time>
      </trkpt>
      <trkpt lat="41.59262" lon="20.61921">
        <ele>654</ele>
        <time>2026-08-05T11:16:12+00:00</time>
      </trkpt>
      <trkpt lat="41.59257" lon="20.61928">
        <ele>654</ele>
        <time>2026-08-05T11:16:15+00:00</time>
      </trkpt>
      <trkpt lat="41.59254" lon="20.6194">
        <ele>654</ele>
        <time>2026-08-05T11:16:18+00:00</time>
      </trkpt>
      <trkpt lat="41.5925" lon="20.61947">
        <ele>655</ele>
        <time>2026-08-05T11:16:21+00:00</time>
      </trkpt>
      <trkpt lat="41.59246" lon="20.61952">
        <ele>655</ele>
        <time>2026-08-05T11:16:24+00:00</time>
      </trkpt>
      <trkpt lat="41.59229" lon="20.61968">
        <ele>656</ele>
        <time>2026-08-05T11:16:27+00:00</time>
      </trkpt>
      <trkpt lat="41.59227" lon="20.61971">
        <ele>656</ele>
        <time>2026-08-05T11:16:30+00:00</time>
      </trkpt>
      <trkpt lat="41.59224" lon="20.61981">
        <ele>656</ele>
        <time>2026-08-05T11:16:33+00:00</time>
      </trkpt>
      <trkpt lat="41.59222" lon="20.61985">
        <ele>656</ele>
        <time>2026-08-05T11:16:36+00:00</time>
      </trkpt>
      <trkpt lat="41.59218" lon="20.61988">
        <ele>656</ele>
        <time>2026-08-05T11:16:39+00:00</time>
      </trkpt>
      <trkpt lat="41.59215" lon="20.61988">
        <ele>656</ele>
        <time>2026-08-05T11:16:42+00:00</time>
      </trkpt>
      <trkpt lat="41.59211" lon="20.6199">
        <ele>660</ele>
        <time>2026-08-05T11:16:45+00:00</time>
      </trkpt>
      <trkpt lat="41.59199" lon="20.61995">
        <ele>653</ele>
        <time>2026-08-05T11:16:48+00:00</time>
      </trkpt>
      <trkpt lat="41.59193" lon="20.62">
        <ele>653</ele>
        <time>2026-08-05T11:16:51+00:00</time>
      </trkpt>
      <trkpt lat="41.59189" lon="20.62004">
        <ele>647</ele>
        <time>2026-08-05T11:16:54+00:00</time>
      </trkpt>
      <trkpt lat="41.59184" lon="20.62006">
        <ele>647</ele>
        <time>2026-08-05T11:16:57+00:00</time>
      </trkpt>
      <trkpt lat="41.59176" lon="20.62018">
        <ele>647</ele>
        <time>2026-08-05T11:17:00+00:00</time>
      </trkpt>
      <trkpt lat="41.59175" lon="20.6202">
        <ele>647</ele>
        <time>2026-08-05T11:17:03+00:00</time>
      </trkpt>
      <trkpt lat="41.59175" lon="20.62024">
        <ele>648</ele>
        <time>2026-08-05T11:17:06+00:00</time>
      </trkpt>
      <trkpt lat="41.59169" lon="20.62034">
        <ele>648</ele>
        <time>2026-08-05T11:17:09+00:00</time>
      </trkpt>
      <trkpt lat="41.59164" lon="20.62037">
        <ele>648</ele>
        <time>2026-08-05T11:17:12+00:00</time>
      </trkpt>
      <trkpt lat="41.59156" lon="20.62044">
        <ele>646</ele>
        <time>2026-08-05T11:17:15+00:00</time>
      </trkpt>
      <trkpt lat="41.5914" lon="20.62054">
        <ele>647</ele>
        <time>2026-08-05T11:17:18+00:00</time>
      </trkpt>
      <trkpt lat="41.59128" lon="20.62068">
        <ele>646</ele>
        <time>2026-08-05T11:17:21+00:00</time>
      </trkpt>
      <trkpt lat="41.59123" lon="20.62073">
        <ele>653</ele>
        <time>2026-08-05T11:17:24+00:00</time>
      </trkpt>
      <trkpt lat="41.59115" lon="20.62078">
        <ele>653</ele>
        <time>2026-08-05T11:17:27+00:00</time>
      </trkpt>
      <trkpt lat="41.5911" lon="20.62085">
        <ele>649</ele>
        <time>2026-08-05T11:17:30+00:00</time>
      </trkpt>
      <trkpt lat="41.59102" lon="20.62094">
        <ele>653</ele>
        <time>2026-08-05T11:17:33+00:00</time>
      </trkpt>
      <trkpt lat="41.59098" lon="20.62096">
        <ele>650</ele>
        <time>2026-08-05T11:17:36+00:00</time>
      </trkpt>
      <trkpt lat="41.59093" lon="20.62101">
        <ele>652</ele>
        <time>2026-08-05T11:17:39+00:00</time>
      </trkpt>
      <trkpt lat="41.5909" lon="20.62103">
        <ele>649</ele>
        <time>2026-08-05T11:17:42+00:00</time>
      </trkpt>
      <trkpt lat="41.59089" lon="20.62105">
        <ele>652</ele>
        <time>2026-08-05T11:17:45+00:00</time>
      </trkpt>
      <trkpt lat="41.5908" lon="20.62111">
        <ele>652</ele>
        <time>2026-08-05T11:17:48+00:00</time>
      </trkpt>
      <trkpt lat="41.5908" lon="20.62113">
        <ele>652</ele>
        <time>2026-08-05T11:17:51+00:00</time>
      </trkpt>
      <trkpt lat="41.59076" lon="20.62119">
        <ele>652</ele>
        <time>2026-08-05T11:17:54+00:00</time>
      </trkpt>
      <trkpt lat="41.5907" lon="20.62125">
        <ele>649</ele>
        <time>2026-08-05T11:17:57+00:00</time>
      </trkpt>
      <trkpt lat="41.59063" lon="20.62128">
        <ele>649</ele>
        <time>2026-08-05T11:18:00+00:00</time>
      </trkpt>
      <trkpt lat="41.59063" lon="20.62129">
        <ele>649</ele>
        <time>2026-08-05T11:18:03+00:00</time>
      </trkpt>
      <trkpt lat="41.59059" lon="20.62133">
        <ele>661</ele>
        <time>2026-08-05T11:18:06+00:00</time>
      </trkpt>
      <trkpt lat="41.59049" lon="20.62138">
        <ele>656</ele>
        <time>2026-08-05T11:18:09+00:00</time>
      </trkpt>
      <trkpt lat="41.59045" lon="20.62139">
        <ele>656</ele>
        <time>2026-08-05T11:18:12+00:00</time>
      </trkpt>
      <trkpt lat="41.59043" lon="20.62141">
        <ele>656</ele>
        <time>2026-08-05T11:18:15+00:00</time>
      </trkpt>
      <trkpt lat="41.59039" lon="20.62142">
        <ele>656</ele>
        <time>2026-08-05T11:18:18+00:00</time>
      </trkpt>
      <trkpt lat="41.59039" lon="20.62142">
        <ele>656</ele>
        <time>2026-08-05T11:18:21+00:00</time>
      </trkpt>
      <trkpt lat="41.5904" lon="20.62141">
        <ele>656</ele>
        <time>2026-08-05T11:18:24+00:00</time>
      </trkpt>
      <trkpt lat="41.59041" lon="20.62142">
        <ele>656</ele>
        <time>2026-08-05T11:18:27+00:00</time>
      </trkpt>
      <trkpt lat="41.59041" lon="20.62144">
        <ele>656</ele>
        <time>2026-08-05T11:18:30+00:00</time>
      </trkpt>
      <trkpt lat="41.59037" lon="20.62149">
        <ele>656</ele>
        <time>2026-08-05T11:18:33+00:00</time>
      </trkpt>
      <trkpt lat="41.59027" lon="20.62155">
        <ele>656</ele>
        <time>2026-08-05T11:18:36+00:00</time>
      </trkpt>
      <trkpt lat="41.59023" lon="20.62159">
        <ele>656</ele>
        <time>2026-08-05T11:18:39+00:00</time>
      </trkpt>
      <trkpt lat="41.59016" lon="20.62163">
        <ele>661</ele>
        <time>2026-08-05T11:18:42+00:00</time>
      </trkpt>
      <trkpt lat="41.59014" lon="20.62166">
        <ele>661</ele>
        <time>2026-08-05T11:18:45+00:00</time>
      </trkpt>
      <trkpt lat="41.59012" lon="20.62178">
        <ele>661</ele>
        <time>2026-08-05T11:18:48+00:00</time>
      </trkpt>
      <trkpt lat="41.5901" lon="20.62181">
        <ele>661</ele>
        <time>2026-08-05T11:18:51+00:00</time>
      </trkpt>
      <trkpt lat="41.59009" lon="20.62182">
        <ele>661</ele>
        <time>2026-08-05T11:18:54+00:00</time>
      </trkpt>
      <trkpt lat="41.59009" lon="20.62185">
        <ele>661</ele>
        <time>2026-08-05T11:18:57+00:00</time>
      </trkpt>
      <trkpt lat="41.59011" lon="20.62186">
        <ele>661</ele>
        <time>2026-08-05T11:19:00+00:00</time>
      </trkpt>
      <trkpt lat="41.59012" lon="20.6219">
        <ele>661</ele>
        <time>2026-08-05T11:19:03+00:00</time>
      </trkpt>
      <trkpt lat="41.59012" lon="20.62196">
        <ele>676</ele>
        <time>2026-08-05T11:19:06+00:00</time>
      </trkpt>
      <trkpt lat="41.59012" lon="20.62199">
        <ele>676</ele>
        <time>2026-08-05T11:19:09+00:00</time>
      </trkpt>
      <trkpt lat="41.59012" lon="20.62202">
        <ele>676</ele>
        <time>2026-08-05T11:19:12+00:00</time>
      </trkpt>
      <trkpt lat="41.5901" lon="20.62204">
        <ele>676</ele>
        <time>2026-08-05T11:19:15+00:00</time>
      </trkpt>
      <trkpt lat="41.5901" lon="20.62206">
        <ele>676</ele>
        <time>2026-08-05T11:19:18+00:00</time>
      </trkpt>
      <trkpt lat="41.5901" lon="20.62208">
        <ele>676</ele>
        <time>2026-08-05T11:19:21+00:00</time>
      </trkpt>
      <trkpt lat="41.59012" lon="20.62213">
        <ele>687</ele>
        <time>2026-08-05T11:19:24+00:00</time>
      </trkpt>
      <trkpt lat="41.59012" lon="20.62215">
        <ele>687</ele>
        <time>2026-08-05T11:19:27+00:00</time>
      </trkpt>
      <trkpt lat="41.59015" lon="20.62218">
        <ele>687</ele>
        <time>2026-08-05T11:19:30+00:00</time>
      </trkpt>
      <trkpt lat="41.59016" lon="20.6222">
        <ele>687</ele>
        <time>2026-08-05T11:19:33+00:00</time>
      </trkpt>
      <trkpt lat="41.59017" lon="20.62223">
        <ele>687</ele>
        <time>2026-08-05T11:19:36+00:00</time>
      </trkpt>
      <trkpt lat="41.59016" lon="20.62226">
        <ele>687</ele>
        <time>2026-08-05T11:19:39+00:00</time>
      </trkpt>
      <trkpt lat="41.59015" lon="20.62228">
        <ele>687</ele>
        <time>2026-08-05T11:19:42+00:00</time>
      </trkpt>
      <trkpt lat="41.59011" lon="20.62236">
        <ele>687</ele>
        <time>2026-08-05T11:19:45+00:00</time>
      </trkpt>
      <trkpt lat="41.59006" lon="20.62245">
        <ele>697</ele>
        <time>2026-08-05T11:19:48+00:00</time>
      </trkpt>
      <trkpt lat="41.59002" lon="20.62257">
        <ele>691</ele>
        <time>2026-08-05T11:19:51+00:00</time>
      </trkpt>
      <trkpt lat="41.59001" lon="20.62262">
        <ele>697</ele>
        <time>2026-08-05T11:19:54+00:00</time>
      </trkpt>
      <trkpt lat="41.58997" lon="20.62272">
        <ele>707</ele>
        <time>2026-08-05T11:19:57+00:00</time>
      </trkpt>
      <trkpt lat="41.5899" lon="20.62279">
        <ele>695</ele>
        <time>2026-08-05T11:20:00+00:00</time>
      </trkpt>
      <trkpt lat="41.58977" lon="20.62289">
        <ele>695</ele>
        <time>2026-08-05T11:20:03+00:00</time>
      </trkpt>
      <trkpt lat="41.58967" lon="20.62297">
        <ele>695</ele>
        <time>2026-08-05T11:20:06+00:00</time>
      </trkpt>
      <trkpt lat="41.58966" lon="20.62299">
        <ele>695</ele>
        <time>2026-08-05T11:20:09+00:00</time>
      </trkpt>
      <trkpt lat="41.58963" lon="20.62309">
        <ele>707</ele>
        <time>2026-08-05T11:20:12+00:00</time>
      </trkpt>
      <trkpt lat="41.58961" lon="20.6231">
        <ele>707</ele>
        <time>2026-08-05T11:20:15+00:00</time>
      </trkpt>
      <trkpt lat="41.58956" lon="20.62318">
        <ele>688</ele>
        <time>2026-08-05T11:20:18+00:00</time>
      </trkpt>
      <trkpt lat="41.5895" lon="20.62331">
        <ele>697</ele>
        <time>2026-08-05T11:20:21+00:00</time>
      </trkpt>
      <trkpt lat="41.58947" lon="20.62339">
        <ele>694</ele>
        <time>2026-08-05T11:20:24+00:00</time>
      </trkpt>
      <trkpt lat="41.58945" lon="20.62354">
        <ele>700</ele>
        <time>2026-08-05T11:20:27+00:00</time>
      </trkpt>
      <trkpt lat="41.58945" lon="20.62363">
        <ele>700</ele>
        <time>2026-08-05T11:20:30+00:00</time>
      </trkpt>
      <trkpt lat="41.58944" lon="20.62367">
        <ele>700</ele>
        <time>2026-08-05T11:20:33+00:00</time>
      </trkpt>
      <trkpt lat="41.58945" lon="20.62373">
        <ele>700</ele>
        <time>2026-08-05T11:20:36+00:00</time>
      </trkpt>
      <trkpt lat="41.58945" lon="20.62389">
        <ele>707</ele>
        <time>2026-08-05T11:20:39+00:00</time>
      </trkpt>
      <trkpt lat="41.58944" lon="20.62394">
        <ele>707</ele>
        <time>2026-08-05T11:20:42+00:00</time>
      </trkpt>
      <trkpt lat="41.58942" lon="20.62404">
        <ele>707</ele>
        <time>2026-08-05T11:20:45+00:00</time>
      </trkpt>
      <trkpt lat="41.58942" lon="20.62408">
        <ele>707</ele>
        <time>2026-08-05T11:20:48+00:00</time>
      </trkpt>
      <trkpt lat="41.58942" lon="20.62414">
        <ele>712</ele>
        <time>2026-08-05T11:20:51+00:00</time>
      </trkpt>
      <trkpt lat="41.58943" lon="20.62419">
        <ele>712</ele>
        <time>2026-08-05T11:20:54+00:00</time>
      </trkpt>
      <trkpt lat="41.58941" lon="20.62425">
        <ele>712</ele>
        <time>2026-08-05T11:20:57+00:00</time>
      </trkpt>
      <trkpt lat="41.58944" lon="20.62428">
        <ele>712</ele>
        <time>2026-08-05T11:21:00+00:00</time>
      </trkpt>
      <trkpt lat="41.58952" lon="20.6243">
        <ele>712</ele>
        <time>2026-08-05T11:21:03+00:00</time>
      </trkpt>
      <trkpt lat="41.58958" lon="20.62434">
        <ele>712</ele>
        <time>2026-08-05T11:21:06+00:00</time>
      </trkpt>
      <trkpt lat="41.58962" lon="20.62435">
        <ele>719</ele>
        <time>2026-08-05T11:21:09+00:00</time>
      </trkpt>
      <trkpt lat="41.58968" lon="20.62439">
        <ele>735</ele>
        <time>2026-08-05T11:21:12+00:00</time>
      </trkpt>
      <trkpt lat="41.58972" lon="20.62443">
        <ele>727</ele>
        <time>2026-08-05T11:21:15+00:00</time>
      </trkpt>
      <trkpt lat="41.5898" lon="20.62447">
        <ele>727</ele>
        <time>2026-08-05T11:21:18+00:00</time>
      </trkpt>
      <trkpt lat="41.58989" lon="20.62455">
        <ele>727</ele>
        <time>2026-08-05T11:21:21+00:00</time>
      </trkpt>
      <trkpt lat="41.58996" lon="20.62461">
        <ele>736</ele>
        <time>2026-08-05T11:21:24+00:00</time>
      </trkpt>
      <trkpt lat="41.58998" lon="20.62464">
        <ele>736</ele>
        <time>2026-08-05T11:21:27+00:00</time>
      </trkpt>
      <trkpt lat="41.58997" lon="20.62468">
        <ele>736</ele>
        <time>2026-08-05T11:21:30+00:00</time>
      </trkpt>
      <trkpt lat="41.58999" lon="20.62474">
        <ele>736</ele>
        <time>2026-08-05T11:21:33+00:00</time>
      </trkpt>
      <trkpt lat="41.59004" lon="20.62481">
        <ele>727</ele>
        <time>2026-08-05T11:21:36+00:00</time>
      </trkpt>
      <trkpt lat="41.59018" lon="20.62497">
        <ele>727</ele>
        <time>2026-08-05T11:21:39+00:00</time>
      </trkpt>
      <trkpt lat="41.5902" lon="20.62503">
        <ele>727</ele>
        <time>2026-08-05T11:21:42+00:00</time>
      </trkpt>
      <trkpt lat="41.59022" lon="20.62513">
        <ele>739</ele>
        <time>2026-08-05T11:21:45+00:00</time>
      </trkpt>
      <trkpt lat="41.59024" lon="20.62521">
        <ele>733</ele>
        <time>2026-08-05T11:21:48+00:00</time>
      </trkpt>
      <trkpt lat="41.59024" lon="20.62531">
        <ele>722</ele>
        <time>2026-08-05T11:21:51+00:00</time>
      </trkpt>
      <trkpt lat="41.59023" lon="20.62546">
        <ele>733</ele>
        <time>2026-08-05T11:21:54+00:00</time>
      </trkpt>
      <trkpt lat="41.59023" lon="20.62549">
        <ele>733</ele>
        <time>2026-08-05T11:21:57+00:00</time>
      </trkpt>
      <trkpt lat="41.59022" lon="20.62556">
        <ele>729</ele>
        <time>2026-08-05T11:22:00+00:00</time>
      </trkpt>
      <trkpt lat="41.5902" lon="20.62565">
        <ele>717</ele>
        <time>2026-08-05T11:22:03+00:00</time>
      </trkpt>
      <trkpt lat="41.59018" lon="20.6257">
        <ele>717</ele>
        <time>2026-08-05T11:22:06+00:00</time>
      </trkpt>
      <trkpt lat="41.59016" lon="20.62573">
        <ele>717</ele>
        <time>2026-08-05T11:22:09+00:00</time>
      </trkpt>
      <trkpt lat="41.59012" lon="20.62576">
        <ele>717</ele>
        <time>2026-08-05T11:22:12+00:00</time>
      </trkpt>
      <trkpt lat="41.59003" lon="20.62579">
        <ele>717</ele>
        <time>2026-08-05T11:22:15+00:00</time>
      </trkpt>
      <trkpt lat="41.58994" lon="20.62584">
        <ele>717</ele>
        <time>2026-08-05T11:22:18+00:00</time>
      </trkpt>
      <trkpt lat="41.58988" lon="20.62585">
        <ele>710</ele>
        <time>2026-08-05T11:22:21+00:00</time>
      </trkpt>
      <trkpt lat="41.5897" lon="20.62591">
        <ele>710</ele>
        <time>2026-08-05T11:22:24+00:00</time>
      </trkpt>
      <trkpt lat="41.58951" lon="20.62595">
        <ele>705</ele>
        <time>2026-08-05T11:22:27+00:00</time>
      </trkpt>
      <trkpt lat="41.58923" lon="20.62604">
        <ele>702</ele>
        <time>2026-08-05T11:22:30+00:00</time>
      </trkpt>
      <trkpt lat="41.58919" lon="20.62605">
        <ele>702</ele>
        <time>2026-08-05T11:22:33+00:00</time>
      </trkpt>
      <trkpt lat="41.58913" lon="20.62604">
        <ele>702</ele>
        <time>2026-08-05T11:22:36+00:00</time>
      </trkpt>
      <trkpt lat="41.5891" lon="20.62601">
        <ele>702</ele>
        <time>2026-08-05T11:22:39+00:00</time>
      </trkpt>
      <trkpt lat="41.58908" lon="20.62597">
        <ele>693</ele>
        <time>2026-08-05T11:22:42+00:00</time>
      </trkpt>
      <trkpt lat="41.58908" lon="20.62587">
        <ele>699</ele>
        <time>2026-08-05T11:22:45+00:00</time>
      </trkpt>
      <trkpt lat="41.58911" lon="20.62553">
        <ele>697</ele>
        <time>2026-08-05T11:22:48+00:00</time>
      </trkpt>
      <trkpt lat="41.58915" lon="20.62518">
        <ele>693</ele>
        <time>2026-08-05T11:22:51+00:00</time>
      </trkpt>
      <trkpt lat="41.58914" lon="20.62505">
        <ele>693</ele>
        <time>2026-08-05T11:22:54+00:00</time>
      </trkpt>
      <trkpt lat="41.58913" lon="20.625">
        <ele>693</ele>
        <time>2026-08-05T11:22:57+00:00</time>
      </trkpt>
      <trkpt lat="41.58909" lon="20.62489">
        <ele>683</ele>
        <time>2026-08-05T11:23:00+00:00</time>
      </trkpt>
      <trkpt lat="41.58902" lon="20.62481">
        <ele>683</ele>
        <time>2026-08-05T11:23:03+00:00</time>
      </trkpt>
      <trkpt lat="41.58893" lon="20.62462">
        <ele>683</ele>
        <time>2026-08-05T11:23:06+00:00</time>
      </trkpt>
      <trkpt lat="41.58891" lon="20.62454">
        <ele>679</ele>
        <time>2026-08-05T11:23:09+00:00</time>
      </trkpt>
      <trkpt lat="41.5889" lon="20.62445">
        <ele>679</ele>
        <time>2026-08-05T11:23:12+00:00</time>
      </trkpt>
      <trkpt lat="41.58892" lon="20.6243">
        <ele>673</ele>
        <time>2026-08-05T11:23:15+00:00</time>
      </trkpt>
      <trkpt lat="41.589" lon="20.62386">
        <ele>665</ele>
        <time>2026-08-05T11:23:18+00:00</time>
      </trkpt>
      <trkpt lat="41.58904" lon="20.62355">
        <ele>661</ele>
        <time>2026-08-05T11:23:21+00:00</time>
      </trkpt>
      <trkpt lat="41.58904" lon="20.62351">
        <ele>661</ele>
        <time>2026-08-05T11:23:24+00:00</time>
      </trkpt>
      <trkpt lat="41.58905" lon="20.62346">
        <ele>657</ele>
        <time>2026-08-05T11:23:27+00:00</time>
      </trkpt>
      <trkpt lat="41.58906" lon="20.62327">
        <ele>660</ele>
        <time>2026-08-05T11:23:30+00:00</time>
      </trkpt>
      <trkpt lat="41.58907" lon="20.62322">
        <ele>657</ele>
        <time>2026-08-05T11:23:33+00:00</time>
      </trkpt>
      <trkpt lat="41.58906" lon="20.62319">
        <ele>654</ele>
        <time>2026-08-05T11:23:36+00:00</time>
      </trkpt>
      <trkpt lat="41.58908" lon="20.62304">
        <ele>654</ele>
        <time>2026-08-05T11:23:39+00:00</time>
      </trkpt>
      <trkpt lat="41.5891" lon="20.62281">
        <ele>659</ele>
        <time>2026-08-05T11:23:42+00:00</time>
      </trkpt>
      <trkpt lat="41.58912" lon="20.62267">
        <ele>653</ele>
        <time>2026-08-05T11:23:45+00:00</time>
      </trkpt>
      <trkpt lat="41.58912" lon="20.62263">
        <ele>653</ele>
        <time>2026-08-05T11:23:48+00:00</time>
      </trkpt>
      <trkpt lat="41.58922" lon="20.62232">
        <ele>651</ele>
        <time>2026-08-05T11:23:51+00:00</time>
      </trkpt>
      <trkpt lat="41.58932" lon="20.62212">
        <ele>651</ele>
        <time>2026-08-05T11:23:54+00:00</time>
      </trkpt>
      <trkpt lat="41.58935" lon="20.62204">
        <ele>651</ele>
        <time>2026-08-05T11:23:57+00:00</time>
      </trkpt>
      <trkpt lat="41.58937" lon="20.622">
        <ele>650</ele>
        <time>2026-08-05T11:24:00+00:00</time>
      </trkpt>
      <trkpt lat="41.58939" lon="20.62197">
        <ele>650</ele>
        <time>2026-08-05T11:24:03+00:00</time>
      </trkpt>
      <trkpt lat="41.58942" lon="20.62189">
        <ele>648</ele>
        <time>2026-08-05T11:24:06+00:00</time>
      </trkpt>
      <trkpt lat="41.58961" lon="20.62161">
        <ele>650</ele>
        <time>2026-08-05T11:24:09+00:00</time>
      </trkpt>
      <trkpt lat="41.58964" lon="20.62157">
        <ele>649</ele>
        <time>2026-08-05T11:24:12+00:00</time>
      </trkpt>
      <trkpt lat="41.58965" lon="20.62153">
        <ele>649</ele>
        <time>2026-08-05T11:24:15+00:00</time>
      </trkpt>
      <trkpt lat="41.58966" lon="20.62148">
        <ele>649</ele>
        <time>2026-08-05T11:24:18+00:00</time>
      </trkpt>
      <trkpt lat="41.58965" lon="20.6214">
        <ele>649</ele>
        <time>2026-08-05T11:24:21+00:00</time>
      </trkpt>
      <trkpt lat="41.58964" lon="20.62132">
        <ele>649</ele>
        <time>2026-08-05T11:24:24+00:00</time>
      </trkpt>
      <trkpt lat="41.58959" lon="20.62121">
        <ele>647</ele>
        <time>2026-08-05T11:24:27+00:00</time>
      </trkpt>
      <trkpt lat="41.58954" lon="20.62101">
        <ele>653</ele>
        <time>2026-08-05T11:24:30+00:00</time>
      </trkpt>
      <trkpt lat="41.58954" lon="20.62093">
        <ele>653</ele>
        <time>2026-08-05T11:24:33+00:00</time>
      </trkpt>
      <trkpt lat="41.58954" lon="20.62088">
        <ele>653</ele>
        <time>2026-08-05T11:24:36+00:00</time>
      </trkpt>
      <trkpt lat="41.58957" lon="20.62081">
        <ele>653</ele>
        <time>2026-08-05T11:24:39+00:00</time>
      </trkpt>
      <trkpt lat="41.58964" lon="20.62069">
        <ele>657</ele>
        <time>2026-08-05T11:24:42+00:00</time>
      </trkpt>
      <trkpt lat="41.58969" lon="20.62055">
        <ele>657</ele>
        <time>2026-08-05T11:24:45+00:00</time>
      </trkpt>
      <trkpt lat="41.58974" lon="20.62039">
        <ele>664</ele>
        <time>2026-08-05T11:24:48+00:00</time>
      </trkpt>
      <trkpt lat="41.58983" lon="20.62019">
        <ele>669</ele>
        <time>2026-08-05T11:24:51+00:00</time>
      </trkpt>
      <trkpt lat="41.58989" lon="20.62004">
        <ele>665</ele>
        <time>2026-08-05T11:24:54+00:00</time>
      </trkpt>
      <trkpt lat="41.58992" lon="20.61994">
        <ele>663</ele>
        <time>2026-08-05T11:24:57+00:00</time>
      </trkpt>
      <trkpt lat="41.58996" lon="20.61985">
        <ele>666</ele>
        <time>2026-08-05T11:25:00+00:00</time>
      </trkpt>
      <trkpt lat="41.58997" lon="20.61978">
        <ele>666</ele>
        <time>2026-08-05T11:25:03+00:00</time>
      </trkpt>
      <trkpt lat="41.58998" lon="20.61964">
        <ele>666</ele>
        <time>2026-08-05T11:25:06+00:00</time>
      </trkpt>
      <trkpt lat="41.58998" lon="20.61961">
        <ele>666</ele>
        <time>2026-08-05T11:25:09+00:00</time>
      </trkpt>
      <trkpt lat="41.58998" lon="20.61946">
        <ele>670</ele>
        <time>2026-08-05T11:25:12+00:00</time>
      </trkpt>
      <trkpt lat="41.58997" lon="20.61941">
        <ele>670</ele>
        <time>2026-08-05T11:25:15+00:00</time>
      </trkpt>
      <trkpt lat="41.58995" lon="20.61935">
        <ele>674</ele>
        <time>2026-08-05T11:25:18+00:00</time>
      </trkpt>
      <trkpt lat="41.58993" lon="20.61932">
        <ele>674</ele>
        <time>2026-08-05T11:25:21+00:00</time>
      </trkpt>
      <trkpt lat="41.58988" lon="20.61933">
        <ele>678</ele>
        <time>2026-08-05T11:25:24+00:00</time>
      </trkpt>
      <trkpt lat="41.58988" lon="20.61921">
        <ele>678</ele>
        <time>2026-08-05T11:25:27+00:00</time>
      </trkpt>
      <trkpt lat="41.58986" lon="20.61916">
        <ele>678</ele>
        <time>2026-08-05T11:25:30+00:00</time>
      </trkpt>
      <trkpt lat="41.5898" lon="20.61913">
        <ele>678</ele>
        <time>2026-08-05T11:25:33+00:00</time>
      </trkpt>
      <trkpt lat="41.58976" lon="20.61914">
        <ele>678</ele>
        <time>2026-08-05T11:25:36+00:00</time>
      </trkpt>
      <trkpt lat="41.58973" lon="20.61915">
        <ele>678</ele>
        <time>2026-08-05T11:25:39+00:00</time>
      </trkpt>
      <trkpt lat="41.58969" lon="20.61916">
        <ele>678</ele>
        <time>2026-08-05T11:25:42+00:00</time>
      </trkpt>
      <trkpt lat="41.58962" lon="20.61915">
        <ele>678</ele>
        <time>2026-08-05T11:25:45+00:00</time>
      </trkpt>
      <trkpt lat="41.58952" lon="20.61911">
        <ele>680</ele>
        <time>2026-08-05T11:25:48+00:00</time>
      </trkpt>
      <trkpt lat="41.58937" lon="20.61901">
        <ele>686</ele>
        <time>2026-08-05T11:25:51+00:00</time>
      </trkpt>
      <trkpt lat="41.58933" lon="20.61898">
        <ele>686</ele>
        <time>2026-08-05T11:25:54+00:00</time>
      </trkpt>
      <trkpt lat="41.58929" lon="20.61894">
        <ele>686</ele>
        <time>2026-08-05T11:25:57+00:00</time>
      </trkpt>
      <trkpt lat="41.58919" lon="20.6188">
        <ele>691</ele>
        <time>2026-08-05T11:26:00+00:00</time>
      </trkpt>
      <trkpt lat="41.58916" lon="20.61872">
        <ele>691</ele>
        <time>2026-08-05T11:26:03+00:00</time>
      </trkpt>
      <trkpt lat="41.58915" lon="20.61866">
        <ele>691</ele>
        <time>2026-08-05T11:26:06+00:00</time>
      </trkpt>
      <trkpt lat="41.58917" lon="20.6186">
        <ele>691</ele>
        <time>2026-08-05T11:26:09+00:00</time>
      </trkpt>
      <trkpt lat="41.58919" lon="20.61857">
        <ele>691</ele>
        <time>2026-08-05T11:26:12+00:00</time>
      </trkpt>
      <trkpt lat="41.58923" lon="20.61853">
        <ele>691</ele>
        <time>2026-08-05T11:26:15+00:00</time>
      </trkpt>
      <trkpt lat="41.58926" lon="20.61852">
        <ele>691</ele>
        <time>2026-08-05T11:26:18+00:00</time>
      </trkpt>
      <trkpt lat="41.58928" lon="20.61851">
        <ele>691</ele>
        <time>2026-08-05T11:26:21+00:00</time>
      </trkpt>
      <trkpt lat="41.58942" lon="20.61857">
        <ele>685</ele>
        <time>2026-08-05T11:26:24+00:00</time>
      </trkpt>
      <trkpt lat="41.58952" lon="20.61859">
        <ele>692</ele>
        <time>2026-08-05T11:26:27+00:00</time>
      </trkpt>
      <trkpt lat="41.58957" lon="20.61859">
        <ele>685</ele>
        <time>2026-08-05T11:26:30+00:00</time>
      </trkpt>
      <trkpt lat="41.5896" lon="20.61857">
        <ele>685</ele>
        <time>2026-08-05T11:26:33+00:00</time>
      </trkpt>
      <trkpt lat="41.58966" lon="20.61854">
        <ele>685</ele>
        <time>2026-08-05T11:26:36+00:00</time>
      </trkpt>
      <trkpt lat="41.58975" lon="20.61843">
        <ele>694</ele>
        <time>2026-08-05T11:26:39+00:00</time>
      </trkpt>
      <trkpt lat="41.5898" lon="20.61834">
        <ele>694</ele>
        <time>2026-08-05T11:26:42+00:00</time>
      </trkpt>
      <trkpt lat="41.58982" lon="20.61832">
        <ele>694</ele>
        <time>2026-08-05T11:26:45+00:00</time>
      </trkpt>
      <trkpt lat="41.58985" lon="20.61829">
        <ele>694</ele>
        <time>2026-08-05T11:26:48+00:00</time>
      </trkpt>
      <trkpt lat="41.58999" lon="20.61816">
        <ele>700</ele>
        <time>2026-08-05T11:26:51+00:00</time>
      </trkpt>
      <trkpt lat="41.5901" lon="20.61804">
        <ele>700</ele>
        <time>2026-08-05T11:26:54+00:00</time>
      </trkpt>
      <trkpt lat="41.59018" lon="20.61788">
        <ele>705</ele>
        <time>2026-08-05T11:26:57+00:00</time>
      </trkpt>
      <trkpt lat="41.5902" lon="20.61783">
        <ele>705</ele>
        <time>2026-08-05T11:27:00+00:00</time>
      </trkpt>
      <trkpt lat="41.59021" lon="20.61775">
        <ele>697</ele>
        <time>2026-08-05T11:27:03+00:00</time>
      </trkpt>
      <trkpt lat="41.59019" lon="20.61767">
        <ele>709</ele>
        <time>2026-08-05T11:27:06+00:00</time>
      </trkpt>
      <trkpt lat="41.59017" lon="20.61765">
        <ele>709</ele>
        <time>2026-08-05T11:27:09+00:00</time>
      </trkpt>
      <trkpt lat="41.59013" lon="20.61763">
        <ele>709</ele>
        <time>2026-08-05T11:27:12+00:00</time>
      </trkpt>
      <trkpt lat="41.59005" lon="20.61763">
        <ele>709</ele>
        <time>2026-08-05T11:27:15+00:00</time>
      </trkpt>
      <trkpt lat="41.58994" lon="20.61764">
        <ele>709</ele>
        <time>2026-08-05T11:27:18+00:00</time>
      </trkpt>
      <trkpt lat="41.58986" lon="20.61767">
        <ele>714</ele>
        <time>2026-08-05T11:27:21+00:00</time>
      </trkpt>
      <trkpt lat="41.5898" lon="20.61771">
        <ele>711</ele>
        <time>2026-08-05T11:27:24+00:00</time>
      </trkpt>
      <trkpt lat="41.58972" lon="20.61773">
        <ele>711</ele>
        <time>2026-08-05T11:27:27+00:00</time>
      </trkpt>
      <trkpt lat="41.5897" lon="20.61773">
        <ele>711</ele>
        <time>2026-08-05T11:27:30+00:00</time>
      </trkpt>
      <trkpt lat="41.5896" lon="20.6177">
        <ele>715</ele>
        <time>2026-08-05T11:27:33+00:00</time>
      </trkpt>
      <trkpt lat="41.5895" lon="20.61764">
        <ele>720</ele>
        <time>2026-08-05T11:27:36+00:00</time>
      </trkpt>
      <trkpt lat="41.58946" lon="20.61763">
        <ele>720</ele>
        <time>2026-08-05T11:27:39+00:00</time>
      </trkpt>
      <trkpt lat="41.58942" lon="20.61761">
        <ele>720</ele>
        <time>2026-08-05T11:27:42+00:00</time>
      </trkpt>
      <trkpt lat="41.58937" lon="20.6176">
        <ele>726</ele>
        <time>2026-08-05T11:27:45+00:00</time>
      </trkpt>
      <trkpt lat="41.58931" lon="20.61758">
        <ele>726</ele>
        <time>2026-08-05T11:27:48+00:00</time>
      </trkpt>
      <trkpt lat="41.5892" lon="20.61756">
        <ele>726</ele>
        <time>2026-08-05T11:27:51+00:00</time>
      </trkpt>
      <trkpt lat="41.58918" lon="20.61757">
        <ele>726</ele>
        <time>2026-08-05T11:27:54+00:00</time>
      </trkpt>
      <trkpt lat="41.58914" lon="20.61756">
        <ele>726</ele>
        <time>2026-08-05T11:27:57+00:00</time>
      </trkpt>
      <trkpt lat="41.58909" lon="20.61756">
        <ele>725</ele>
        <time>2026-08-05T11:28:00+00:00</time>
      </trkpt>
      <trkpt lat="41.58888" lon="20.61754">
        <ele>727</ele>
        <time>2026-08-05T11:28:03+00:00</time>
      </trkpt>
      <trkpt lat="41.58884" lon="20.61752">
        <ele>725</ele>
        <time>2026-08-05T11:28:06+00:00</time>
      </trkpt>
      <trkpt lat="41.58878" lon="20.61747">
        <ele>715</ele>
        <time>2026-08-05T11:28:09+00:00</time>
      </trkpt>
      <trkpt lat="41.58873" lon="20.61739">
        <ele>723</ele>
        <time>2026-08-05T11:28:12+00:00</time>
      </trkpt>
      <trkpt lat="41.58862" lon="20.61706">
        <ele>728</ele>
        <time>2026-08-05T11:28:15+00:00</time>
      </trkpt>
      <trkpt lat="41.58859" lon="20.61691">
        <ele>728</ele>
        <time>2026-08-05T11:28:18+00:00</time>
      </trkpt>
      <trkpt lat="41.58858" lon="20.61683">
        <ele>735</ele>
        <time>2026-08-05T11:28:21+00:00</time>
      </trkpt>
      <trkpt lat="41.58861" lon="20.61677">
        <ele>728</ele>
        <time>2026-08-05T11:28:24+00:00</time>
      </trkpt>
      <trkpt lat="41.58862" lon="20.6168">
        <ele>735</ele>
        <time>2026-08-05T11:28:27+00:00</time>
      </trkpt>
      <trkpt lat="41.58863" lon="20.61683">
        <ele>735</ele>
        <time>2026-08-05T11:28:30+00:00</time>
      </trkpt>
      <trkpt lat="41.58868" lon="20.61691">
        <ele>728</ele>
        <time>2026-08-05T11:28:33+00:00</time>
      </trkpt>
      <trkpt lat="41.58869" lon="20.61697">
        <ele>728</ele>
        <time>2026-08-05T11:28:36+00:00</time>
      </trkpt>
      <trkpt lat="41.5887" lon="20.61702">
        <ele>728</ele>
        <time>2026-08-05T11:28:39+00:00</time>
      </trkpt>
      <trkpt lat="41.58879" lon="20.6172">
        <ele>723</ele>
        <time>2026-08-05T11:28:42+00:00</time>
      </trkpt>
      <trkpt lat="41.58883" lon="20.61722">
        <ele>733</ele>
        <time>2026-08-05T11:28:45+00:00</time>
      </trkpt>
      <trkpt lat="41.58885" lon="20.61722">
        <ele>733</ele>
        <time>2026-08-05T11:28:48+00:00</time>
      </trkpt>
      <trkpt lat="41.58892" lon="20.61711">
        <ele>733</ele>
        <time>2026-08-05T11:28:51+00:00</time>
      </trkpt>
      <trkpt lat="41.58892" lon="20.61709">
        <ele>737</ele>
        <time>2026-08-05T11:28:54+00:00</time>
      </trkpt>
      <trkpt lat="41.5889" lon="20.61708">
        <ele>737</ele>
        <time>2026-08-05T11:28:57+00:00</time>
      </trkpt>
      <trkpt lat="41.58887" lon="20.61707">
        <ele>737</ele>
        <time>2026-08-05T11:29:00+00:00</time>
      </trkpt>
      <trkpt lat="41.58885" lon="20.61704">
        <ele>737</ele>
        <time>2026-08-05T11:29:03+00:00</time>
      </trkpt>
      <trkpt lat="41.58885" lon="20.61702">
        <ele>737</ele>
        <time>2026-08-05T11:29:06+00:00</time>
      </trkpt>
      <trkpt lat="41.58892" lon="20.61668">
        <ele>742</ele>
        <time>2026-08-05T11:29:09+00:00</time>
      </trkpt>
      <trkpt lat="41.58892" lon="20.61662">
        <ele>742</ele>
        <time>2026-08-05T11:29:12+00:00</time>
      </trkpt>
      <trkpt lat="41.58896" lon="20.61644">
        <ele>746</ele>
        <time>2026-08-05T11:29:15+00:00</time>
      </trkpt>
      <trkpt lat="41.58902" lon="20.61623">
        <ele>743</ele>
        <time>2026-08-05T11:29:18+00:00</time>
      </trkpt>
      <trkpt lat="41.58906" lon="20.61606">
        <ele>746</ele>
        <time>2026-08-05T11:29:21+00:00</time>
      </trkpt>
      <trkpt lat="41.58906" lon="20.61604">
        <ele>746</ele>
        <time>2026-08-05T11:29:24+00:00</time>
      </trkpt>
      <trkpt lat="41.58904" lon="20.61598">
        <ele>745</ele>
        <time>2026-08-05T11:29:27+00:00</time>
      </trkpt>
      <trkpt lat="41.58902" lon="20.61594">
        <ele>745</ele>
        <time>2026-08-05T11:29:30+00:00</time>
      </trkpt>
      <trkpt lat="41.58899" lon="20.61591">
        <ele>745</ele>
        <time>2026-08-05T11:29:33+00:00</time>
      </trkpt>
      <trkpt lat="41.58878" lon="20.61581">
        <ele>745</ele>
        <time>2026-08-05T11:29:36+00:00</time>
      </trkpt>
      <trkpt lat="41.58861" lon="20.61569">
        <ele>749</ele>
        <time>2026-08-05T11:29:39+00:00</time>
      </trkpt>
      <trkpt lat="41.58854" lon="20.61567">
        <ele>749</ele>
        <time>2026-08-05T11:29:42+00:00</time>
      </trkpt>
      <trkpt lat="41.58842" lon="20.61559">
        <ele>755</ele>
        <time>2026-08-05T11:29:45+00:00</time>
      </trkpt>
      <trkpt lat="41.58834" lon="20.61555">
        <ele>755</ele>
        <time>2026-08-05T11:29:48+00:00</time>
      </trkpt>
      <trkpt lat="41.58829" lon="20.61551">
        <ele>755</ele>
        <time>2026-08-05T11:29:51+00:00</time>
      </trkpt>
      <trkpt lat="41.58823" lon="20.61547">
        <ele>757</ele>
        <time>2026-08-05T11:29:54+00:00</time>
      </trkpt>
      <trkpt lat="41.58816" lon="20.6154">
        <ele>760</ele>
        <time>2026-08-05T11:29:57+00:00</time>
      </trkpt>
      <trkpt lat="41.58815" lon="20.61537">
        <ele>760</ele>
        <time>2026-08-05T11:30:00+00:00</time>
      </trkpt>
      <trkpt lat="41.58817" lon="20.61521">
        <ele>760</ele>
        <time>2026-08-05T11:30:03+00:00</time>
      </trkpt>
      <trkpt lat="41.58818" lon="20.615">
        <ele>761</ele>
        <time>2026-08-05T11:30:06+00:00</time>
      </trkpt>
      <trkpt lat="41.58816" lon="20.61484">
        <ele>764</ele>
        <time>2026-08-05T11:30:09+00:00</time>
      </trkpt>
      <trkpt lat="41.58815" lon="20.61478">
        <ele>764</ele>
        <time>2026-08-05T11:30:12+00:00</time>
      </trkpt>
      <trkpt lat="41.58813" lon="20.61459">
        <ele>763</ele>
        <time>2026-08-05T11:30:15+00:00</time>
      </trkpt>
      <trkpt lat="41.58814" lon="20.61456">
        <ele>770</ele>
        <time>2026-08-05T11:30:18+00:00</time>
      </trkpt>
      <trkpt lat="41.58817" lon="20.61452">
        <ele>770</ele>
        <time>2026-08-05T11:30:21+00:00</time>
      </trkpt>
      <trkpt lat="41.58818" lon="20.61453">
        <ele>770</ele>
        <time>2026-08-05T11:30:24+00:00</time>
      </trkpt>
      <trkpt lat="41.5882" lon="20.61451">
        <ele>770</ele>
        <time>2026-08-05T11:30:27+00:00</time>
      </trkpt>
      <trkpt lat="41.58827" lon="20.61446">
        <ele>765</ele>
        <time>2026-08-05T11:30:30+00:00</time>
      </trkpt>
      <trkpt lat="41.58829" lon="20.61445">
        <ele>762</ele>
        <time>2026-08-05T11:30:33+00:00</time>
      </trkpt>
      <trkpt lat="41.58845" lon="20.61446">
        <ele>765</ele>
        <time>2026-08-05T11:30:36+00:00</time>
      </trkpt>
      <trkpt lat="41.58857" lon="20.61446">
        <ele>762</ele>
        <time>2026-08-05T11:30:39+00:00</time>
      </trkpt>
      <trkpt lat="41.58879" lon="20.61448">
        <ele>762</ele>
        <time>2026-08-05T11:30:42+00:00</time>
      </trkpt>
      <trkpt lat="41.58886" lon="20.61448">
        <ele>760</ele>
        <time>2026-08-05T11:30:45+00:00</time>
      </trkpt>
      <trkpt lat="41.58917" lon="20.61443">
        <ele>755</ele>
        <time>2026-08-05T11:30:48+00:00</time>
      </trkpt>
      <trkpt lat="41.58923" lon="20.61443">
        <ele>755</ele>
        <time>2026-08-05T11:30:51+00:00</time>
      </trkpt>
      <trkpt lat="41.58932" lon="20.61445">
        <ele>755</ele>
        <time>2026-08-05T11:30:54+00:00</time>
      </trkpt>
      <trkpt lat="41.58938" lon="20.61446">
        <ele>755</ele>
        <time>2026-08-05T11:30:57+00:00</time>
      </trkpt>
      <trkpt lat="41.58953" lon="20.61454">
        <ele>748</ele>
        <time>2026-08-05T11:31:00+00:00</time>
      </trkpt>
      <trkpt lat="41.58962" lon="20.61457">
        <ele>748</ele>
        <time>2026-08-05T11:31:03+00:00</time>
      </trkpt>
      <trkpt lat="41.58975" lon="20.61458">
        <ele>748</ele>
        <time>2026-08-05T11:31:06+00:00</time>
      </trkpt>
      <trkpt lat="41.58984" lon="20.61457">
        <ele>748</ele>
        <time>2026-08-05T11:31:09+00:00</time>
      </trkpt>
      <trkpt lat="41.58994" lon="20.61454">
        <ele>744</ele>
        <time>2026-08-05T11:31:12+00:00</time>
      </trkpt>
      <trkpt lat="41.58996" lon="20.61452">
        <ele>744</ele>
        <time>2026-08-05T11:31:15+00:00</time>
      </trkpt>
      <trkpt lat="41.59006" lon="20.61442">
        <ele>744</ele>
        <time>2026-08-05T11:31:18+00:00</time>
      </trkpt>
      <trkpt lat="41.59018" lon="20.61427">
        <ele>751</ele>
        <time>2026-08-05T11:31:21+00:00</time>
      </trkpt>
      <trkpt lat="41.5902" lon="20.61425">
        <ele>743</ele>
        <time>2026-08-05T11:31:24+00:00</time>
      </trkpt>
      <trkpt lat="41.59023" lon="20.61427">
        <ele>743</ele>
        <time>2026-08-05T11:31:27+00:00</time>
      </trkpt>
      <trkpt lat="41.59025" lon="20.61424">
        <ele>743</ele>
        <time>2026-08-05T11:31:30+00:00</time>
      </trkpt>
      <trkpt lat="41.59028" lon="20.6142">
        <ele>743</ele>
        <time>2026-08-05T11:31:33+00:00</time>
      </trkpt>
      <trkpt lat="41.5903" lon="20.61417">
        <ele>743</ele>
        <time>2026-08-05T11:31:36+00:00</time>
      </trkpt>
      <trkpt lat="41.59032" lon="20.61415">
        <ele>743</ele>
        <time>2026-08-05T11:31:39+00:00</time>
      </trkpt>
      <trkpt lat="41.59039" lon="20.61412">
        <ele>743</ele>
        <time>2026-08-05T11:31:42+00:00</time>
      </trkpt>
      <trkpt lat="41.59049" lon="20.61416">
        <ele>743</ele>
        <time>2026-08-05T11:31:45+00:00</time>
      </trkpt>
      <trkpt lat="41.59054" lon="20.61417">
        <ele>737</ele>
        <time>2026-08-05T11:31:48+00:00</time>
      </trkpt>
      <trkpt lat="41.59059" lon="20.61417">
        <ele>737</ele>
        <time>2026-08-05T11:31:51+00:00</time>
      </trkpt>
      <trkpt lat="41.59064" lon="20.61416">
        <ele>737</ele>
        <time>2026-08-05T11:31:54+00:00</time>
      </trkpt>
      <trkpt lat="41.59068" lon="20.61413">
        <ele>737</ele>
        <time>2026-08-05T11:31:57+00:00</time>
      </trkpt>
      <trkpt lat="41.59078" lon="20.61401">
        <ele>743</ele>
        <time>2026-08-05T11:32:00+00:00</time>
      </trkpt>
      <trkpt lat="41.59085" lon="20.61397">
        <ele>743</ele>
        <time>2026-08-05T11:32:03+00:00</time>
      </trkpt>
      <trkpt lat="41.59087" lon="20.61397">
        <ele>743</ele>
        <time>2026-08-05T11:32:06+00:00</time>
      </trkpt>
      <trkpt lat="41.59093" lon="20.61398">
        <ele>743</ele>
        <time>2026-08-05T11:32:09+00:00</time>
      </trkpt>
      <trkpt lat="41.591" lon="20.61398">
        <ele>746</ele>
        <time>2026-08-05T11:32:12+00:00</time>
      </trkpt>
      <trkpt lat="41.59114" lon="20.61402">
        <ele>746</ele>
        <time>2026-08-05T11:32:15+00:00</time>
      </trkpt>
      <trkpt lat="41.59126" lon="20.61402">
        <ele>746</ele>
        <time>2026-08-05T11:32:18+00:00</time>
      </trkpt>
      <trkpt lat="41.5915" lon="20.614">
        <ele>742</ele>
        <time>2026-08-05T11:32:21+00:00</time>
      </trkpt>
      <trkpt lat="41.59163" lon="20.61402">
        <ele>736</ele>
        <time>2026-08-05T11:32:24+00:00</time>
      </trkpt>
      <trkpt lat="41.5917" lon="20.61401">
        <ele>739</ele>
        <time>2026-08-05T11:32:27+00:00</time>
      </trkpt>
      <trkpt lat="41.5918" lon="20.61404">
        <ele>736</ele>
        <time>2026-08-05T11:32:30+00:00</time>
      </trkpt>
      <trkpt lat="41.59183" lon="20.61404">
        <ele>736</ele>
        <time>2026-08-05T11:32:33+00:00</time>
      </trkpt>
      <trkpt lat="41.59197" lon="20.614">
        <ele>737</ele>
        <time>2026-08-05T11:32:36+00:00</time>
      </trkpt>
      <trkpt lat="41.59201" lon="20.61399">
        <ele>737</ele>
        <time>2026-08-05T11:32:39+00:00</time>
      </trkpt>
      <trkpt lat="41.59207" lon="20.614">
        <ele>737</ele>
        <time>2026-08-05T11:32:42+00:00</time>
      </trkpt>
      <trkpt lat="41.59227" lon="20.614">
        <ele>732</ele>
        <time>2026-08-05T11:32:45+00:00</time>
      </trkpt>
      <trkpt lat="41.59237" lon="20.61401">
        <ele>732</ele>
        <time>2026-08-05T11:32:48+00:00</time>
      </trkpt>
      <trkpt lat="41.59257" lon="20.614">
        <ele>719</ele>
        <time>2026-08-05T11:32:51+00:00</time>
      </trkpt>
      <trkpt lat="41.59263" lon="20.61401">
        <ele>719</ele>
        <time>2026-08-05T11:32:54+00:00</time>
      </trkpt>
      <trkpt lat="41.59286" lon="20.61397">
        <ele>714</ele>
        <time>2026-08-05T11:32:57+00:00</time>
      </trkpt>
      <trkpt lat="41.59292" lon="20.61398">
        <ele>708</ele>
        <time>2026-08-05T11:33:00+00:00</time>
      </trkpt>
      <trkpt lat="41.59298" lon="20.61399">
        <ele>708</ele>
        <time>2026-08-05T11:33:03+00:00</time>
      </trkpt>
      <trkpt lat="41.59305" lon="20.614">
        <ele>710</ele>
        <time>2026-08-05T11:33:06+00:00</time>
      </trkpt>
      <trkpt lat="41.59312" lon="20.61397">
        <ele>713</ele>
        <time>2026-08-05T11:33:09+00:00</time>
      </trkpt>
      <trkpt lat="41.59314" lon="20.61395">
        <ele>710</ele>
        <time>2026-08-05T11:33:12+00:00</time>
      </trkpt>
      <trkpt lat="41.59319" lon="20.6139">
        <ele>710</ele>
        <time>2026-08-05T11:33:15+00:00</time>
      </trkpt>
      <trkpt lat="41.59322" lon="20.61384">
        <ele>711</ele>
        <time>2026-08-05T11:33:18+00:00</time>
      </trkpt>
      <trkpt lat="41.59323" lon="20.61376">
        <ele>712</ele>
        <time>2026-08-05T11:33:21+00:00</time>
      </trkpt>
      <trkpt lat="41.59326" lon="20.61372">
        <ele>712</ele>
        <time>2026-08-05T11:33:24+00:00</time>
      </trkpt>
      <trkpt lat="41.59337" lon="20.61366">
        <ele>712</ele>
        <time>2026-08-05T11:33:27+00:00</time>
      </trkpt>
      <trkpt lat="41.59342" lon="20.61361">
        <ele>712</ele>
        <time>2026-08-05T11:33:30+00:00</time>
      </trkpt>
      <trkpt lat="41.5935" lon="20.61356">
        <ele>709</ele>
        <time>2026-08-05T11:33:33+00:00</time>
      </trkpt>
      <trkpt lat="41.59353" lon="20.61351">
        <ele>709</ele>
        <time>2026-08-05T11:33:36+00:00</time>
      </trkpt>
      <trkpt lat="41.59356" lon="20.61348">
        <ele>712</ele>
        <time>2026-08-05T11:33:39+00:00</time>
      </trkpt>
      <trkpt lat="41.59359" lon="20.61348">
        <ele>712</ele>
        <time>2026-08-05T11:33:42+00:00</time>
      </trkpt>
      <trkpt lat="41.59362" lon="20.61349">
        <ele>712</ele>
        <time>2026-08-05T11:33:45+00:00</time>
      </trkpt>
      <trkpt lat="41.59368" lon="20.61355">
        <ele>709</ele>
        <time>2026-08-05T11:33:48+00:00</time>
      </trkpt>
      <trkpt lat="41.59374" lon="20.61357">
        <ele>709</ele>
        <time>2026-08-05T11:33:51+00:00</time>
      </trkpt>
      <trkpt lat="41.5938" lon="20.61356">
        <ele>709</ele>
        <time>2026-08-05T11:33:54+00:00</time>
      </trkpt>
      <trkpt lat="41.59388" lon="20.61353">
        <ele>709</ele>
        <time>2026-08-05T11:33:57+00:00</time>
      </trkpt>
      <trkpt lat="41.59394" lon="20.61352">
        <ele>709</ele>
        <time>2026-08-05T11:34:00+00:00</time>
      </trkpt>
      <trkpt lat="41.594" lon="20.61354">
        <ele>709</ele>
        <time>2026-08-05T11:34:03+00:00</time>
      </trkpt>
      <trkpt lat="41.59422" lon="20.61366">
        <ele>706</ele>
        <time>2026-08-05T11:34:06+00:00</time>
      </trkpt>
      <trkpt lat="41.59431" lon="20.61368">
        <ele>706</ele>
        <time>2026-08-05T11:34:09+00:00</time>
      </trkpt>
      <trkpt lat="41.59441" lon="20.61368">
        <ele>702</ele>
        <time>2026-08-05T11:34:12+00:00</time>
      </trkpt>
      <trkpt lat="41.59462" lon="20.61358">
        <ele>705</ele>
        <time>2026-08-05T11:34:15+00:00</time>
      </trkpt>
      <trkpt lat="41.59471" lon="20.6135">
        <ele>695</ele>
        <time>2026-08-05T11:34:18+00:00</time>
      </trkpt>
      <trkpt lat="41.59485" lon="20.61344">
        <ele>704</ele>
        <time>2026-08-05T11:34:21+00:00</time>
      </trkpt>
      <trkpt lat="41.59501" lon="20.61334">
        <ele>698</ele>
        <time>2026-08-05T11:34:24+00:00</time>
      </trkpt>
      <trkpt lat="41.59518" lon="20.61328">
        <ele>698</ele>
        <time>2026-08-05T11:34:27+00:00</time>
      </trkpt>
      <trkpt lat="41.59525" lon="20.61326">
        <ele>692</ele>
        <time>2026-08-05T11:34:30+00:00</time>
      </trkpt>
      <trkpt lat="41.59531" lon="20.61326">
        <ele>692</ele>
        <time>2026-08-05T11:34:33+00:00</time>
      </trkpt>
      <trkpt lat="41.59537" lon="20.61324">
        <ele>692</ele>
        <time>2026-08-05T11:34:36+00:00</time>
      </trkpt>
      <trkpt lat="41.59555" lon="20.61313">
        <ele>692</ele>
        <time>2026-08-05T11:34:39+00:00</time>
      </trkpt>
      <trkpt lat="41.59558" lon="20.61311">
        <ele>692</ele>
        <time>2026-08-05T11:34:42+00:00</time>
      </trkpt>
      <trkpt lat="41.59578" lon="20.61291">
        <ele>692</ele>
        <time>2026-08-05T11:34:45+00:00</time>
      </trkpt>
      <trkpt lat="41.59582" lon="20.61285">
        <ele>686</ele>
        <time>2026-08-05T11:34:48+00:00</time>
      </trkpt>
      <trkpt lat="41.59589" lon="20.61268">
        <ele>688</ele>
        <time>2026-08-05T11:34:51+00:00</time>
      </trkpt>
      <trkpt lat="41.59594" lon="20.61253">
        <ele>693</ele>
        <time>2026-08-05T11:34:54+00:00</time>
      </trkpt>
      <trkpt lat="41.596" lon="20.61249">
        <ele>684</ele>
        <time>2026-08-05T11:34:57+00:00</time>
      </trkpt>
      <trkpt lat="41.59611" lon="20.61248">
        <ele>684</ele>
        <time>2026-08-05T11:35:00+00:00</time>
      </trkpt>
      <trkpt lat="41.59619" lon="20.61245">
        <ele>684</ele>
        <time>2026-08-05T11:35:03+00:00</time>
      </trkpt>
      <trkpt lat="41.59621" lon="20.61243">
        <ele>684</ele>
        <time>2026-08-05T11:35:06+00:00</time>
      </trkpt>
      <trkpt lat="41.59628" lon="20.61234">
        <ele>691</ele>
        <time>2026-08-05T11:35:09+00:00</time>
      </trkpt>
      <trkpt lat="41.59631" lon="20.61221">
        <ele>687</ele>
        <time>2026-08-05T11:35:12+00:00</time>
      </trkpt>
      <trkpt lat="41.59632" lon="20.61217">
        <ele>681</ele>
        <time>2026-08-05T11:35:15+00:00</time>
      </trkpt>
      <trkpt lat="41.59634" lon="20.61215">
        <ele>681</ele>
        <time>2026-08-05T11:35:18+00:00</time>
      </trkpt>
      <trkpt lat="41.59645" lon="20.61205">
        <ele>690</ele>
        <time>2026-08-05T11:35:21+00:00</time>
      </trkpt>
      <trkpt lat="41.59649" lon="20.61201">
        <ele>685</ele>
        <time>2026-08-05T11:35:24+00:00</time>
      </trkpt>
      <trkpt lat="41.59674" lon="20.61181">
        <ele>684</ele>
        <time>2026-08-05T11:35:27+00:00</time>
      </trkpt>
      <trkpt lat="41.59682" lon="20.61177">
        <ele>684</ele>
        <time>2026-08-05T11:35:30+00:00</time>
      </trkpt>
      <trkpt lat="41.59685" lon="20.61175">
        <ele>684</ele>
        <time>2026-08-05T11:35:33+00:00</time>
      </trkpt>
      <trkpt lat="41.59696" lon="20.61167">
        <ele>679</ele>
        <time>2026-08-05T11:35:36+00:00</time>
      </trkpt>
      <trkpt lat="41.59701" lon="20.61162">
        <ele>671</ele>
        <time>2026-08-05T11:35:39+00:00</time>
      </trkpt>
      <trkpt lat="41.59708" lon="20.61159">
        <ele>681</ele>
        <time>2026-08-05T11:35:42+00:00</time>
      </trkpt>
      <trkpt lat="41.59715" lon="20.61154">
        <ele>674</ele>
        <time>2026-08-05T11:35:45+00:00</time>
      </trkpt>
      <trkpt lat="41.59723" lon="20.6115">
        <ele>674</ele>
        <time>2026-08-05T11:35:48+00:00</time>
      </trkpt>
      <trkpt lat="41.59737" lon="20.61147">
        <ele>674</ele>
        <time>2026-08-05T11:35:51+00:00</time>
      </trkpt>
      <trkpt lat="41.59753" lon="20.61145">
        <ele>669</ele>
        <time>2026-08-05T11:35:54+00:00</time>
      </trkpt>
      <trkpt lat="41.59757" lon="20.61143">
        <ele>669</ele>
        <time>2026-08-05T11:35:57+00:00</time>
      </trkpt>
      <trkpt lat="41.59768" lon="20.61136">
        <ele>669</ele>
        <time>2026-08-05T11:36:00+00:00</time>
      </trkpt>
      <trkpt lat="41.59779" lon="20.61127">
        <ele>668</ele>
        <time>2026-08-05T11:36:03+00:00</time>
      </trkpt>
      <trkpt lat="41.59787" lon="20.61122">
        <ele>668</ele>
        <time>2026-08-05T11:36:06+00:00</time>
      </trkpt>
      <trkpt lat="41.59791" lon="20.61118">
        <ele>668</ele>
        <time>2026-08-05T11:36:09+00:00</time>
      </trkpt>
      <trkpt lat="41.59793" lon="20.61115">
        <ele>668</ele>
        <time>2026-08-05T11:36:12+00:00</time>
      </trkpt>
      <trkpt lat="41.59794" lon="20.61113">
        <ele>668</ele>
        <time>2026-08-05T11:36:15+00:00</time>
      </trkpt>
      <trkpt lat="41.59794" lon="20.61109">
        <ele>668</ele>
        <time>2026-08-05T11:36:18+00:00</time>
      </trkpt>
      <trkpt lat="41.59793" lon="20.61107">
        <ele>668</ele>
        <time>2026-08-05T11:36:21+00:00</time>
      </trkpt>
      <trkpt lat="41.59795" lon="20.61096">
        <ele>675</ele>
        <time>2026-08-05T11:36:24+00:00</time>
      </trkpt>
      <trkpt lat="41.59794" lon="20.61091">
        <ele>675</ele>
        <time>2026-08-05T11:36:27+00:00</time>
      </trkpt>
      <trkpt lat="41.59795" lon="20.6108">
        <ele>675</ele>
        <time>2026-08-05T11:36:30+00:00</time>
      </trkpt>
      <trkpt lat="41.598" lon="20.61075">
        <ele>672</ele>
        <time>2026-08-05T11:36:33+00:00</time>
      </trkpt>
      <trkpt lat="41.59807" lon="20.61071">
        <ele>672</ele>
        <time>2026-08-05T11:36:36+00:00</time>
      </trkpt>
      <trkpt lat="41.59818" lon="20.61069">
        <ele>673</ele>
        <time>2026-08-05T11:36:39+00:00</time>
      </trkpt>
      <trkpt lat="41.59822" lon="20.61067">
        <ele>671</ele>
        <time>2026-08-05T11:36:42+00:00</time>
      </trkpt>
      <trkpt lat="41.59828" lon="20.61057">
        <ele>671</ele>
        <time>2026-08-05T11:36:45+00:00</time>
      </trkpt>
      <trkpt lat="41.59831" lon="20.61053">
        <ele>671</ele>
        <time>2026-08-05T11:36:48+00:00</time>
      </trkpt>
      <trkpt lat="41.59833" lon="20.61051">
        <ele>675</ele>
        <time>2026-08-05T11:36:51+00:00</time>
      </trkpt>
      <trkpt lat="41.59836" lon="20.61049">
        <ele>680</ele>
        <time>2026-08-05T11:36:54+00:00</time>
      </trkpt>
      <trkpt lat="41.59843" lon="20.61042">
        <ele>680</ele>
        <time>2026-08-05T11:36:57+00:00</time>
      </trkpt>
      <trkpt lat="41.59851" lon="20.61032">
        <ele>677</ele>
        <time>2026-08-05T11:37:00+00:00</time>
      </trkpt>
      <trkpt lat="41.59855" lon="20.61024">
        <ele>677</ele>
        <time>2026-08-05T11:37:03+00:00</time>
      </trkpt>
      <trkpt lat="41.5986" lon="20.61014">
        <ele>686</ele>
        <time>2026-08-05T11:37:06+00:00</time>
      </trkpt>
      <trkpt lat="41.59863" lon="20.61011">
        <ele>686</ele>
        <time>2026-08-05T11:37:09+00:00</time>
      </trkpt>
      <trkpt lat="41.59867" lon="20.61005">
        <ele>686</ele>
        <time>2026-08-05T11:37:12+00:00</time>
      </trkpt>
      <trkpt lat="41.59872" lon="20.60992">
        <ele>686</ele>
        <time>2026-08-05T11:37:15+00:00</time>
      </trkpt>
      <trkpt lat="41.59873" lon="20.6099">
        <ele>686</ele>
        <time>2026-08-05T11:37:18+00:00</time>
      </trkpt>
      <trkpt lat="41.59881" lon="20.60976">
        <ele>692</ele>
        <time>2026-08-05T11:37:21+00:00</time>
      </trkpt>
      <trkpt lat="41.59884" lon="20.60969">
        <ele>692</ele>
        <time>2026-08-05T11:37:24+00:00</time>
      </trkpt>
      <trkpt lat="41.59887" lon="20.60965">
        <ele>692</ele>
        <time>2026-08-05T11:37:27+00:00</time>
      </trkpt>
      <trkpt lat="41.5989" lon="20.60955">
        <ele>702</ele>
        <time>2026-08-05T11:37:30+00:00</time>
      </trkpt>
      <trkpt lat="41.5989" lon="20.60953">
        <ele>702</ele>
        <time>2026-08-05T11:37:33+00:00</time>
      </trkpt>
      <trkpt lat="41.59891" lon="20.6095">
        <ele>702</ele>
        <time>2026-08-05T11:37:36+00:00</time>
      </trkpt>
      <trkpt lat="41.59894" lon="20.60939">
        <ele>714</ele>
        <time>2026-08-05T11:37:39+00:00</time>
      </trkpt>
      <trkpt lat="41.59897" lon="20.60933">
        <ele>714</ele>
        <time>2026-08-05T11:37:42+00:00</time>
      </trkpt>
      <trkpt lat="41.59899" lon="20.60931">
        <ele>714</ele>
        <time>2026-08-05T11:37:45+00:00</time>
      </trkpt>
      <trkpt lat="41.59903" lon="20.6093">
        <ele>714</ele>
        <time>2026-08-05T11:37:48+00:00</time>
      </trkpt>
      <trkpt lat="41.59914" lon="20.60932">
        <ele>706</ele>
        <time>2026-08-05T11:37:51+00:00</time>
      </trkpt>
      <trkpt lat="41.59916" lon="20.60932">
        <ele>706</ele>
        <time>2026-08-05T11:37:54+00:00</time>
      </trkpt>
      <trkpt lat="41.59937" lon="20.60928">
        <ele>706</ele>
        <time>2026-08-05T11:37:57+00:00</time>
      </trkpt>
      <trkpt lat="41.59939" lon="20.60927">
        <ele>706</ele>
        <time>2026-08-05T11:38:00+00:00</time>
      </trkpt>
      <trkpt lat="41.59943" lon="20.60924">
        <ele>699</ele>
        <time>2026-08-05T11:38:03+00:00</time>
      </trkpt>
      <trkpt lat="41.59946" lon="20.60923">
        <ele>699</ele>
        <time>2026-08-05T11:38:06+00:00</time>
      </trkpt>
      <trkpt lat="41.59949" lon="20.60922">
        <ele>699</ele>
        <time>2026-08-05T11:38:09+00:00</time>
      </trkpt>
      <trkpt lat="41.59958" lon="20.60922">
        <ele>705</ele>
        <time>2026-08-05T11:38:12+00:00</time>
      </trkpt>
      <trkpt lat="41.59972" lon="20.60917">
        <ele>696</ele>
        <time>2026-08-05T11:38:15+00:00</time>
      </trkpt>
      <trkpt lat="41.59999" lon="20.60898">
        <ele>705</ele>
        <time>2026-08-05T11:38:18+00:00</time>
      </trkpt>
      <trkpt lat="41.60004" lon="20.60893">
        <ele>705</ele>
        <time>2026-08-05T11:38:21+00:00</time>
      </trkpt>
      <trkpt lat="41.60008" lon="20.60891">
        <ele>705</ele>
        <time>2026-08-05T11:38:24+00:00</time>
      </trkpt>
      <trkpt lat="41.60017" lon="20.60884">
        <ele>705</ele>
        <time>2026-08-05T11:38:27+00:00</time>
      </trkpt>
      <trkpt lat="41.60024" lon="20.60881">
        <ele>701</ele>
        <time>2026-08-05T11:38:30+00:00</time>
      </trkpt>
      <trkpt lat="41.60028" lon="20.60879">
        <ele>711</ele>
        <time>2026-08-05T11:38:33+00:00</time>
      </trkpt>
      <trkpt lat="41.60031" lon="20.60878">
        <ele>711</ele>
        <time>2026-08-05T11:38:36+00:00</time>
      </trkpt>
      <trkpt lat="41.60038" lon="20.60879">
        <ele>704</ele>
        <time>2026-08-05T11:38:39+00:00</time>
      </trkpt>
      <trkpt lat="41.6004" lon="20.60878">
        <ele>711</ele>
        <time>2026-08-05T11:38:42+00:00</time>
      </trkpt>
      <trkpt lat="41.60053" lon="20.60882">
        <ele>696</ele>
        <time>2026-08-05T11:38:45+00:00</time>
      </trkpt>
      <trkpt lat="41.60056" lon="20.60882">
        <ele>696</ele>
        <time>2026-08-05T11:38:48+00:00</time>
      </trkpt>
      <trkpt lat="41.6006" lon="20.6088">
        <ele>704</ele>
        <time>2026-08-05T11:38:51+00:00</time>
      </trkpt>
      <trkpt lat="41.60065" lon="20.60876">
        <ele>704</ele>
        <time>2026-08-05T11:38:54+00:00</time>
      </trkpt>
      <trkpt lat="41.6007" lon="20.60869">
        <ele>702</ele>
        <time>2026-08-05T11:38:57+00:00</time>
      </trkpt>
      <trkpt lat="41.60074" lon="20.60861">
        <ele>702</ele>
        <time>2026-08-05T11:39:00+00:00</time>
      </trkpt>
      <trkpt lat="41.6008" lon="20.60839">
        <ele>713</ele>
        <time>2026-08-05T11:39:03+00:00</time>
      </trkpt>
      <trkpt lat="41.60081" lon="20.60829">
        <ele>713</ele>
        <time>2026-08-05T11:39:06+00:00</time>
      </trkpt>
      <trkpt lat="41.60085" lon="20.60816">
        <ele>718</ele>
        <time>2026-08-05T11:39:09+00:00</time>
      </trkpt>
      <trkpt lat="41.60089" lon="20.608">
        <ele>722</ele>
        <time>2026-08-05T11:39:12+00:00</time>
      </trkpt>
      <trkpt lat="41.60092" lon="20.60794">
        <ele>722</ele>
        <time>2026-08-05T11:39:15+00:00</time>
      </trkpt>
      <trkpt lat="41.60093" lon="20.60788">
        <ele>722</ele>
        <time>2026-08-05T11:39:18+00:00</time>
      </trkpt>
      <trkpt lat="41.60095" lon="20.60782">
        <ele>722</ele>
        <time>2026-08-05T11:39:21+00:00</time>
      </trkpt>
      <trkpt lat="41.601" lon="20.60775">
        <ele>722</ele>
        <time>2026-08-05T11:39:24+00:00</time>
      </trkpt>
      <trkpt lat="41.60109" lon="20.60755">
        <ele>718</ele>
        <time>2026-08-05T11:39:27+00:00</time>
      </trkpt>
      <trkpt lat="41.60111" lon="20.60753">
        <ele>718</ele>
        <time>2026-08-05T11:39:30+00:00</time>
      </trkpt>
      <trkpt lat="41.60121" lon="20.60736">
        <ele>725</ele>
        <time>2026-08-05T11:39:33+00:00</time>
      </trkpt>
      <trkpt lat="41.60125" lon="20.60731">
        <ele>725</ele>
        <time>2026-08-05T11:39:36+00:00</time>
      </trkpt>
      <trkpt lat="41.60128" lon="20.60724">
        <ele>725</ele>
        <time>2026-08-05T11:39:39+00:00</time>
      </trkpt>
      <trkpt lat="41.60142" lon="20.60703">
        <ele>726</ele>
        <time>2026-08-05T11:39:42+00:00</time>
      </trkpt>
      <trkpt lat="41.60145" lon="20.60697">
        <ele>726</ele>
        <time>2026-08-05T11:39:45+00:00</time>
      </trkpt>
      <trkpt lat="41.60148" lon="20.60693">
        <ele>726</ele>
        <time>2026-08-05T11:39:48+00:00</time>
      </trkpt>
      <trkpt lat="41.60155" lon="20.60683">
        <ele>737</ele>
        <time>2026-08-05T11:39:51+00:00</time>
      </trkpt>
      <trkpt lat="41.60158" lon="20.60671">
        <ele>737</ele>
        <time>2026-08-05T11:39:54+00:00</time>
      </trkpt>
      <trkpt lat="41.60161" lon="20.60667">
        <ele>734</ele>
        <time>2026-08-05T11:39:57+00:00</time>
      </trkpt>
      <trkpt lat="41.60165" lon="20.60663">
        <ele>734</ele>
        <time>2026-08-05T11:40:00+00:00</time>
      </trkpt>
      <trkpt lat="41.60172" lon="20.60659">
        <ele>742</ele>
        <time>2026-08-05T11:40:03+00:00</time>
      </trkpt>
      <trkpt lat="41.6018" lon="20.60655">
        <ele>736</ele>
        <time>2026-08-05T11:40:06+00:00</time>
      </trkpt>
      <trkpt lat="41.60189" lon="20.60653">
        <ele>742</ele>
        <time>2026-08-05T11:40:09+00:00</time>
      </trkpt>
      <trkpt lat="41.60194" lon="20.60651">
        <ele>736</ele>
        <time>2026-08-05T11:40:12+00:00</time>
      </trkpt>
      <trkpt lat="41.60197" lon="20.60647">
        <ele>736</ele>
        <time>2026-08-05T11:40:15+00:00</time>
      </trkpt>
      <trkpt lat="41.602" lon="20.60643">
        <ele>736</ele>
        <time>2026-08-05T11:40:18+00:00</time>
      </trkpt>
      <trkpt lat="41.60204" lon="20.60627">
        <ele>741</ele>
        <time>2026-08-05T11:40:21+00:00</time>
      </trkpt>
      <trkpt lat="41.60208" lon="20.60617">
        <ele>741</ele>
        <time>2026-08-05T11:40:24+00:00</time>
      </trkpt>
      <trkpt lat="41.60212" lon="20.60614">
        <ele>735</ele>
        <time>2026-08-05T11:40:27+00:00</time>
      </trkpt>
      <trkpt lat="41.60213" lon="20.60612">
        <ele>735</ele>
        <time>2026-08-05T11:40:30+00:00</time>
      </trkpt>
      <trkpt lat="41.60224" lon="20.60595">
        <ele>735</ele>
        <time>2026-08-05T11:40:33+00:00</time>
      </trkpt>
      <trkpt lat="41.60226" lon="20.60591">
        <ele>743</ele>
        <time>2026-08-05T11:40:36+00:00</time>
      </trkpt>
      <trkpt lat="41.60243" lon="20.60572">
        <ele>739</ele>
        <time>2026-08-05T11:40:39+00:00</time>
      </trkpt>
      <trkpt lat="41.60246" lon="20.60567">
        <ele>736</ele>
        <time>2026-08-05T11:40:42+00:00</time>
      </trkpt>
      <trkpt lat="41.60252" lon="20.60558">
        <ele>736</ele>
        <time>2026-08-05T11:40:45+00:00</time>
      </trkpt>
      <trkpt lat="41.60263" lon="20.60536">
        <ele>744</ele>
        <time>2026-08-05T11:40:48+00:00</time>
      </trkpt>
      <trkpt lat="41.6027" lon="20.60526">
        <ele>737</ele>
        <time>2026-08-05T11:40:51+00:00</time>
      </trkpt>
      <trkpt lat="41.60273" lon="20.60523">
        <ele>737</ele>
        <time>2026-08-05T11:40:54+00:00</time>
      </trkpt>
      <trkpt lat="41.60282" lon="20.60509">
        <ele>744</ele>
        <time>2026-08-05T11:40:57+00:00</time>
      </trkpt>
      <trkpt lat="41.60284" lon="20.60507">
        <ele>744</ele>
        <time>2026-08-05T11:41:00+00:00</time>
      </trkpt>
      <trkpt lat="41.60287" lon="20.60501">
        <ele>744</ele>
        <time>2026-08-05T11:41:03+00:00</time>
      </trkpt>
      <trkpt lat="41.60293" lon="20.60486">
        <ele>749</ele>
        <time>2026-08-05T11:41:06+00:00</time>
      </trkpt>
      <trkpt lat="41.60299" lon="20.60457">
        <ele>752</ele>
        <time>2026-08-05T11:41:09+00:00</time>
      </trkpt>
      <trkpt lat="41.60305" lon="20.60443">
        <ele>746</ele>
        <time>2026-08-05T11:41:12+00:00</time>
      </trkpt>
      <trkpt lat="41.60309" lon="20.60435">
        <ele>754</ele>
        <time>2026-08-05T11:41:15+00:00</time>
      </trkpt>
      <trkpt lat="41.60317" lon="20.60425">
        <ele>751</ele>
        <time>2026-08-05T11:41:18+00:00</time>
      </trkpt>
      <trkpt lat="41.60322" lon="20.60419">
        <ele>744</ele>
        <time>2026-08-05T11:41:21+00:00</time>
      </trkpt>
      <trkpt lat="41.60328" lon="20.60413">
        <ele>744</ele>
        <time>2026-08-05T11:41:24+00:00</time>
      </trkpt>
      <trkpt lat="41.60336" lon="20.60393">
        <ele>754</ele>
        <time>2026-08-05T11:41:27+00:00</time>
      </trkpt>
      <trkpt lat="41.60348" lon="20.60372">
        <ele>758</ele>
        <time>2026-08-05T11:41:30+00:00</time>
      </trkpt>
      <trkpt lat="41.60351" lon="20.60366">
        <ele>741</ele>
        <time>2026-08-05T11:41:33+00:00</time>
      </trkpt>
      <trkpt lat="41.6035" lon="20.60365">
        <ele>741</ele>
        <time>2026-08-05T11:41:36+00:00</time>
      </trkpt>
      <trkpt lat="41.60351" lon="20.6036">
        <ele>741</ele>
        <time>2026-08-05T11:41:39+00:00</time>
      </trkpt>
      <trkpt lat="41.60349" lon="20.60353">
        <ele>758</ele>
        <time>2026-08-05T11:41:42+00:00</time>
      </trkpt>
      <trkpt lat="41.60348" lon="20.60346">
        <ele>754</ele>
        <time>2026-08-05T11:41:45+00:00</time>
      </trkpt>
      <trkpt lat="41.60351" lon="20.6034">
        <ele>750</ele>
        <time>2026-08-05T11:41:48+00:00</time>
      </trkpt>
      <trkpt lat="41.60353" lon="20.60337">
        <ele>750</ele>
        <time>2026-08-05T11:41:51+00:00</time>
      </trkpt>
      <trkpt lat="41.60356" lon="20.60335">
        <ele>750</ele>
        <time>2026-08-05T11:41:54+00:00</time>
      </trkpt>
      <trkpt lat="41.60361" lon="20.6033">
        <ele>750</ele>
        <time>2026-08-05T11:41:57+00:00</time>
      </trkpt>
      <trkpt lat="41.60362" lon="20.60327">
        <ele>750</ele>
        <time>2026-08-05T11:42:00+00:00</time>
      </trkpt>
      <trkpt lat="41.60363" lon="20.6032">
        <ele>754</ele>
        <time>2026-08-05T11:42:03+00:00</time>
      </trkpt>
      <trkpt lat="41.60369" lon="20.6031">
        <ele>761</ele>
        <time>2026-08-05T11:42:06+00:00</time>
      </trkpt>
      <trkpt lat="41.60373" lon="20.60305">
        <ele>761</ele>
        <time>2026-08-05T11:42:09+00:00</time>
      </trkpt>
      <trkpt lat="41.60381" lon="20.60298">
        <ele>754</ele>
        <time>2026-08-05T11:42:12+00:00</time>
      </trkpt>
      <trkpt lat="41.60385" lon="20.60293">
        <ele>754</ele>
        <time>2026-08-05T11:42:15+00:00</time>
      </trkpt>
      <trkpt lat="41.60388" lon="20.6029">
        <ele>754</ele>
        <time>2026-08-05T11:42:18+00:00</time>
      </trkpt>
      <trkpt lat="41.60391" lon="20.60284">
        <ele>754</ele>
        <time>2026-08-05T11:42:21+00:00</time>
      </trkpt>
      <trkpt lat="41.604" lon="20.60271">
        <ele>754</ele>
        <time>2026-08-05T11:42:24+00:00</time>
      </trkpt>
      <trkpt lat="41.60401" lon="20.60268">
        <ele>761</ele>
        <time>2026-08-05T11:42:27+00:00</time>
      </trkpt>
      <trkpt lat="41.60408" lon="20.60256">
        <ele>761</ele>
        <time>2026-08-05T11:42:30+00:00</time>
      </trkpt>
      <trkpt lat="41.60411" lon="20.60247">
        <ele>751</ele>
        <time>2026-08-05T11:42:33+00:00</time>
      </trkpt>
      <trkpt lat="41.60418" lon="20.60233">
        <ele>749</ele>
        <time>2026-08-05T11:42:36+00:00</time>
      </trkpt>
      <trkpt lat="41.60438" lon="20.60216">
        <ele>750</ele>
        <time>2026-08-05T11:42:39+00:00</time>
      </trkpt>
      <trkpt lat="41.60444" lon="20.60208">
        <ele>742</ele>
        <time>2026-08-05T11:42:42+00:00</time>
      </trkpt>
      <trkpt lat="41.60455" lon="20.6019">
        <ele>750</ele>
        <time>2026-08-05T11:42:45+00:00</time>
      </trkpt>
      <trkpt lat="41.60463" lon="20.60178">
        <ele>744</ele>
        <time>2026-08-05T11:42:48+00:00</time>
      </trkpt>
      <trkpt lat="41.60469" lon="20.60167">
        <ele>750</ele>
        <time>2026-08-05T11:42:51+00:00</time>
      </trkpt>
      <trkpt lat="41.60476" lon="20.60162">
        <ele>744</ele>
        <time>2026-08-05T11:42:54+00:00</time>
      </trkpt>
      <trkpt lat="41.60481" lon="20.60161">
        <ele>744</ele>
        <time>2026-08-05T11:42:57+00:00</time>
      </trkpt>
      <trkpt lat="41.60488" lon="20.60158">
        <ele>750</ele>
        <time>2026-08-05T11:43:00+00:00</time>
      </trkpt>
      <trkpt lat="41.60487" lon="20.60158">
        <ele>750</ele>
        <time>2026-08-05T11:43:03+00:00</time>
      </trkpt>
      <trkpt lat="41.60493" lon="20.6016">
        <ele>743</ele>
        <time>2026-08-05T11:43:06+00:00</time>
      </trkpt>
      <trkpt lat="41.60504" lon="20.6016">
        <ele>743</ele>
        <time>2026-08-05T11:43:09+00:00</time>
      </trkpt>
      <trkpt lat="41.6051" lon="20.60162">
        <ele>746</ele>
        <time>2026-08-05T11:43:12+00:00</time>
      </trkpt>
      <trkpt lat="41.60517" lon="20.60167">
        <ele>738</ele>
        <time>2026-08-05T11:43:15+00:00</time>
      </trkpt>
      <trkpt lat="41.60521" lon="20.60173">
        <ele>743</ele>
        <time>2026-08-05T11:43:18+00:00</time>
      </trkpt>
      <trkpt lat="41.60528" lon="20.60186">
        <ele>743</ele>
        <time>2026-08-05T11:43:21+00:00</time>
      </trkpt>
      <trkpt lat="41.60529" lon="20.6019">
        <ele>743</ele>
        <time>2026-08-05T11:43:24+00:00</time>
      </trkpt>
      <trkpt lat="41.60529" lon="20.60197">
        <ele>738</ele>
        <time>2026-08-05T11:43:27+00:00</time>
      </trkpt>
      <trkpt lat="41.60528" lon="20.60217">
        <ele>734</ele>
        <time>2026-08-05T11:43:30+00:00</time>
      </trkpt>
      <trkpt lat="41.60526" lon="20.60229">
        <ele>734</ele>
        <time>2026-08-05T11:43:33+00:00</time>
      </trkpt>
      <trkpt lat="41.60526" lon="20.60235">
        <ele>734</ele>
        <time>2026-08-05T11:43:36+00:00</time>
      </trkpt>
      <trkpt lat="41.60528" lon="20.60241">
        <ele>733</ele>
        <time>2026-08-05T11:43:39+00:00</time>
      </trkpt>
      <trkpt lat="41.60529" lon="20.60244">
        <ele>734</ele>
        <time>2026-08-05T11:43:42+00:00</time>
      </trkpt>
      <trkpt lat="41.60531" lon="20.60245">
        <ele>733</ele>
        <time>2026-08-05T11:43:45+00:00</time>
      </trkpt>
      <trkpt lat="41.60532" lon="20.60246">
        <ele>733</ele>
        <time>2026-08-05T11:43:48+00:00</time>
      </trkpt>
      <trkpt lat="41.60536" lon="20.60245">
        <ele>733</ele>
        <time>2026-08-05T11:43:51+00:00</time>
      </trkpt>
      <trkpt lat="41.6054" lon="20.60242">
        <ele>733</ele>
        <time>2026-08-05T11:43:54+00:00</time>
      </trkpt>
      <trkpt lat="41.60544" lon="20.60236">
        <ele>734</ele>
        <time>2026-08-05T11:43:57+00:00</time>
      </trkpt>
      <trkpt lat="41.6054" lon="20.60232">
        <ele>734</ele>
        <time>2026-08-05T11:44:00+00:00</time>
      </trkpt>
      <trkpt lat="41.6054" lon="20.60228">
        <ele>734</ele>
        <time>2026-08-05T11:44:03+00:00</time>
      </trkpt>
      <trkpt lat="41.6054" lon="20.60224">
        <ele>734</ele>
        <time>2026-08-05T11:44:06+00:00</time>
      </trkpt>
      <trkpt lat="41.60541" lon="20.60224">
        <ele>734</ele>
        <time>2026-08-05T11:44:09+00:00</time>
      </trkpt>
      <trkpt lat="41.60544" lon="20.60226">
        <ele>734</ele>
        <time>2026-08-05T11:44:12+00:00</time>
      </trkpt>
      <trkpt lat="41.60545" lon="20.60226">
        <ele>734</ele>
        <time>2026-08-05T11:44:15+00:00</time>
      </trkpt>
      <trkpt lat="41.6055" lon="20.60211">
        <ele>742</ele>
        <time>2026-08-05T11:44:18+00:00</time>
      </trkpt>
      <trkpt lat="41.60551" lon="20.60207">
        <ele>749</ele>
        <time>2026-08-05T11:44:21+00:00</time>
      </trkpt>
      <trkpt lat="41.60553" lon="20.60204">
        <ele>749</ele>
        <time>2026-08-05T11:44:24+00:00</time>
      </trkpt>
      <trkpt lat="41.60553" lon="20.60197">
        <ele>749</ele>
        <time>2026-08-05T11:44:27+00:00</time>
      </trkpt>
      <trkpt lat="41.60556" lon="20.60191">
        <ele>749</ele>
        <time>2026-08-05T11:44:30+00:00</time>
      </trkpt>
      <trkpt lat="41.60556" lon="20.6019">
        <ele>749</ele>
        <time>2026-08-05T11:44:33+00:00</time>
      </trkpt>
      <trkpt lat="41.60557" lon="20.60187">
        <ele>758</ele>
        <time>2026-08-05T11:44:36+00:00</time>
      </trkpt>
      <trkpt lat="41.60558" lon="20.60182">
        <ele>758</ele>
        <time>2026-08-05T11:44:39+00:00</time>
      </trkpt>
      <trkpt lat="41.60559" lon="20.60178">
        <ele>758</ele>
        <time>2026-08-05T11:44:42+00:00</time>
      </trkpt>
      <trkpt lat="41.6056" lon="20.60173">
        <ele>758</ele>
        <time>2026-08-05T11:44:45+00:00</time>
      </trkpt>
      <trkpt lat="41.60562" lon="20.60166">
        <ele>758</ele>
        <time>2026-08-05T11:44:48+00:00</time>
      </trkpt>
      <trkpt lat="41.60566" lon="20.60158">
        <ele>764</ele>
        <time>2026-08-05T11:44:51+00:00</time>
      </trkpt>
      <trkpt lat="41.60566" lon="20.60154">
        <ele>764</ele>
        <time>2026-08-05T11:44:54+00:00</time>
      </trkpt>
      <trkpt lat="41.60566" lon="20.60152">
        <ele>764</ele>
        <time>2026-08-05T11:44:57+00:00</time>
      </trkpt>
      <trkpt lat="41.60565" lon="20.60148">
        <ele>764</ele>
        <time>2026-08-05T11:45:00+00:00</time>
      </trkpt>
      <trkpt lat="41.60566" lon="20.60147">
        <ele>764</ele>
        <time>2026-08-05T11:45:03+00:00</time>
      </trkpt>
      <trkpt lat="41.60568" lon="20.60146">
        <ele>764</ele>
        <time>2026-08-05T11:45:06+00:00</time>
      </trkpt>
      <trkpt lat="41.60568" lon="20.60143">
        <ele>764</ele>
        <time>2026-08-05T11:45:09+00:00</time>
      </trkpt>
      <trkpt lat="41.60566" lon="20.60142">
        <ele>764</ele>
        <time>2026-08-05T11:45:12+00:00</time>
      </trkpt>
      <trkpt lat="41.60568" lon="20.60136">
        <ele>764</ele>
        <time>2026-08-05T11:45:15+00:00</time>
      </trkpt>
      <trkpt lat="41.60581" lon="20.6012">
        <ele>775</ele>
        <time>2026-08-05T11:45:18+00:00</time>
      </trkpt>
      <trkpt lat="41.60585" lon="20.60113">
        <ele>775</ele>
        <time>2026-08-05T11:45:21+00:00</time>
      </trkpt>
      <trkpt lat="41.60592" lon="20.60105">
        <ele>775</ele>
        <time>2026-08-05T11:45:24+00:00</time>
      </trkpt>
      <trkpt lat="41.60592" lon="20.60104">
        <ele>775</ele>
        <time>2026-08-05T11:45:27+00:00</time>
      </trkpt>
      <trkpt lat="41.60602" lon="20.60096">
        <ele>798</ele>
        <time>2026-08-05T11:45:30+00:00</time>
      </trkpt>
      <trkpt lat="41.60608" lon="20.60093">
        <ele>798</ele>
        <time>2026-08-05T11:45:33+00:00</time>
      </trkpt>
      <trkpt lat="41.60611" lon="20.6009">
        <ele>798</ele>
        <time>2026-08-05T11:45:36+00:00</time>
      </trkpt>
      <trkpt lat="41.60613" lon="20.60089">
        <ele>798</ele>
        <time>2026-08-05T11:45:39+00:00</time>
      </trkpt>
      <trkpt lat="41.6062" lon="20.6009">
        <ele>798</ele>
        <time>2026-08-05T11:45:42+00:00</time>
      </trkpt>
      <trkpt lat="41.60623" lon="20.60089">
        <ele>798</ele>
        <time>2026-08-05T11:45:45+00:00</time>
      </trkpt>
      <trkpt lat="41.60629" lon="20.60089">
        <ele>798</ele>
        <time>2026-08-05T11:45:48+00:00</time>
      </trkpt>
      <trkpt lat="41.60643" lon="20.60094">
        <ele>796</ele>
        <time>2026-08-05T11:45:51+00:00</time>
      </trkpt>
      <trkpt lat="41.60648" lon="20.60095">
        <ele>804</ele>
        <time>2026-08-05T11:45:54+00:00</time>
      </trkpt>
      <trkpt lat="41.60657" lon="20.601">
        <ele>794</ele>
        <time>2026-08-05T11:45:57+00:00</time>
      </trkpt>
      <trkpt lat="41.60662" lon="20.60104">
        <ele>795</ele>
        <time>2026-08-05T11:46:00+00:00</time>
      </trkpt>
      <trkpt lat="41.60672" lon="20.6011">
        <ele>795</ele>
        <time>2026-08-05T11:46:03+00:00</time>
      </trkpt>
      <trkpt lat="41.60678" lon="20.60111">
        <ele>795</ele>
        <time>2026-08-05T11:46:06+00:00</time>
      </trkpt>
      <trkpt lat="41.60683" lon="20.60111">
        <ele>795</ele>
        <time>2026-08-05T11:46:09+00:00</time>
      </trkpt>
      <trkpt lat="41.60695" lon="20.60109">
        <ele>793</ele>
        <time>2026-08-05T11:46:12+00:00</time>
      </trkpt>
      <trkpt lat="41.60696" lon="20.60107">
        <ele>793</ele>
        <time>2026-08-05T11:46:15+00:00</time>
      </trkpt>
      <trkpt lat="41.60703" lon="20.6009">
        <ele>798</ele>
        <time>2026-08-05T11:46:18+00:00</time>
      </trkpt>
      <trkpt lat="41.60705" lon="20.60086">
        <ele>798</ele>
        <time>2026-08-05T11:46:21+00:00</time>
      </trkpt>
      <trkpt lat="41.60707" lon="20.60078">
        <ele>798</ele>
        <time>2026-08-05T11:46:24+00:00</time>
      </trkpt>
      <trkpt lat="41.60708" lon="20.60074">
        <ele>798</ele>
        <time>2026-08-05T11:46:27+00:00</time>
      </trkpt>
      <trkpt lat="41.60713" lon="20.60066">
        <ele>803</ele>
        <time>2026-08-05T11:46:30+00:00</time>
      </trkpt>
      <trkpt lat="41.60714" lon="20.60063">
        <ele>803</ele>
        <time>2026-08-05T11:46:33+00:00</time>
      </trkpt>
      <trkpt lat="41.60714" lon="20.60061">
        <ele>803</ele>
        <time>2026-08-05T11:46:36+00:00</time>
      </trkpt>
      <trkpt lat="41.60716" lon="20.60057">
        <ele>803</ele>
        <time>2026-08-05T11:46:39+00:00</time>
      </trkpt>
      <trkpt lat="41.60716" lon="20.60054">
        <ele>803</ele>
        <time>2026-08-05T11:46:42+00:00</time>
      </trkpt>
      <trkpt lat="41.60717" lon="20.6005">
        <ele>803</ele>
        <time>2026-08-05T11:46:45+00:00</time>
      </trkpt>
      <trkpt lat="41.60718" lon="20.60041">
        <ele>810</ele>
        <time>2026-08-05T11:46:48+00:00</time>
      </trkpt>
      <trkpt lat="41.60715" lon="20.60036">
        <ele>810</ele>
        <time>2026-08-05T11:46:51+00:00</time>
      </trkpt>
      <trkpt lat="41.60714" lon="20.60033">
        <ele>810</ele>
        <time>2026-08-05T11:46:54+00:00</time>
      </trkpt>
      <trkpt lat="41.60714" lon="20.60027">
        <ele>810</ele>
        <time>2026-08-05T11:46:57+00:00</time>
      </trkpt>
      <trkpt lat="41.60712" lon="20.60019">
        <ele>813</ele>
        <time>2026-08-05T11:47:00+00:00</time>
      </trkpt>
      <trkpt lat="41.6071" lon="20.60016">
        <ele>813</ele>
        <time>2026-08-05T11:47:03+00:00</time>
      </trkpt>
      <trkpt lat="41.60711" lon="20.6001">
        <ele>813</ele>
        <time>2026-08-05T11:47:06+00:00</time>
      </trkpt>
      <trkpt lat="41.6071" lon="20.60009">
        <ele>822</ele>
        <time>2026-08-05T11:47:09+00:00</time>
      </trkpt>
      <trkpt lat="41.60708" lon="20.60004">
        <ele>822</ele>
        <time>2026-08-05T11:47:12+00:00</time>
      </trkpt>
      <trkpt lat="41.60708" lon="20.60003">
        <ele>822</ele>
        <time>2026-08-05T11:47:15+00:00</time>
      </trkpt>
      <trkpt lat="41.60711" lon="20.59995">
        <ele>813</ele>
        <time>2026-08-05T11:47:18+00:00</time>
      </trkpt>
      <trkpt lat="41.60714" lon="20.5999">
        <ele>820</ele>
        <time>2026-08-05T11:47:21+00:00</time>
      </trkpt>
      <trkpt lat="41.60724" lon="20.5998">
        <ele>814</ele>
        <time>2026-08-05T11:47:24+00:00</time>
      </trkpt>
      <trkpt lat="41.60728" lon="20.59977">
        <ele>820</ele>
        <time>2026-08-05T11:47:27+00:00</time>
      </trkpt>
      <trkpt lat="41.60729" lon="20.59975">
        <ele>820</ele>
        <time>2026-08-05T11:47:30+00:00</time>
      </trkpt>
      <trkpt lat="41.60738" lon="20.59972">
        <ele>820</ele>
        <time>2026-08-05T11:47:33+00:00</time>
      </trkpt>
      <trkpt lat="41.60739" lon="20.5997">
        <ele>820</ele>
        <time>2026-08-05T11:47:36+00:00</time>
      </trkpt>
      <trkpt lat="41.60743" lon="20.59966">
        <ele>816</ele>
        <time>2026-08-05T11:47:39+00:00</time>
      </trkpt>
      <trkpt lat="41.60743" lon="20.59965">
        <ele>816</ele>
        <time>2026-08-05T11:47:42+00:00</time>
      </trkpt>
      <trkpt lat="41.60746" lon="20.59963">
        <ele>816</ele>
        <time>2026-08-05T11:47:45+00:00</time>
      </trkpt>
      <trkpt lat="41.60746" lon="20.59962">
        <ele>816</ele>
        <time>2026-08-05T11:47:48+00:00</time>
      </trkpt>
      <trkpt lat="41.60752" lon="20.59954">
        <ele>832</ele>
        <time>2026-08-05T11:47:51+00:00</time>
      </trkpt>
      <trkpt lat="41.60753" lon="20.59951">
        <ele>832</ele>
        <time>2026-08-05T11:47:54+00:00</time>
      </trkpt>
      <trkpt lat="41.60752" lon="20.59943">
        <ele>832</ele>
        <time>2026-08-05T11:47:57+00:00</time>
      </trkpt>
      <trkpt lat="41.60754" lon="20.59937">
        <ele>841</ele>
        <time>2026-08-05T11:48:00+00:00</time>
      </trkpt>
      <trkpt lat="41.60759" lon="20.59931">
        <ele>841</ele>
        <time>2026-08-05T11:48:03+00:00</time>
      </trkpt>
      <trkpt lat="41.60764" lon="20.59926">
        <ele>841</ele>
        <time>2026-08-05T11:48:06+00:00</time>
      </trkpt>
      <trkpt lat="41.60769" lon="20.59921">
        <ele>841</ele>
        <time>2026-08-05T11:48:09+00:00</time>
      </trkpt>
      <trkpt lat="41.60769" lon="20.59919">
        <ele>841</ele>
        <time>2026-08-05T11:48:12+00:00</time>
      </trkpt>
      <trkpt lat="41.60772" lon="20.59917">
        <ele>840</ele>
        <time>2026-08-05T11:48:15+00:00</time>
      </trkpt>
      <trkpt lat="41.60781" lon="20.59907">
        <ele>846</ele>
        <time>2026-08-05T11:48:18+00:00</time>
      </trkpt>
      <trkpt lat="41.60785" lon="20.59907">
        <ele>846</ele>
        <time>2026-08-05T11:48:21+00:00</time>
      </trkpt>
      <trkpt lat="41.60786" lon="20.59906">
        <ele>841</ele>
        <time>2026-08-05T11:48:24+00:00</time>
      </trkpt>
      <trkpt lat="41.60788" lon="20.59905">
        <ele>846</ele>
        <time>2026-08-05T11:48:27+00:00</time>
      </trkpt>
      <trkpt lat="41.60799" lon="20.59903">
        <ele>846</ele>
        <time>2026-08-05T11:48:30+00:00</time>
      </trkpt>
      <trkpt lat="41.60799" lon="20.59904">
        <ele>846</ele>
        <time>2026-08-05T11:48:33+00:00</time>
      </trkpt>
      <trkpt lat="41.60801" lon="20.59905">
        <ele>842</ele>
        <time>2026-08-05T11:48:36+00:00</time>
      </trkpt>
      <trkpt lat="41.60807" lon="20.59906">
        <ele>839</ele>
        <time>2026-08-05T11:48:39+00:00</time>
      </trkpt>
      <trkpt lat="41.60809" lon="20.59905">
        <ele>842</ele>
        <time>2026-08-05T11:48:42+00:00</time>
      </trkpt>
      <trkpt lat="41.60817" lon="20.59902">
        <ele>842</ele>
        <time>2026-08-05T11:48:45+00:00</time>
      </trkpt>
      <trkpt lat="41.60821" lon="20.59898">
        <ele>838</ele>
        <time>2026-08-05T11:48:48+00:00</time>
      </trkpt>
      <trkpt lat="41.60829" lon="20.59896">
        <ele>838</ele>
        <time>2026-08-05T11:48:51+00:00</time>
      </trkpt>
      <trkpt lat="41.60831" lon="20.59894">
        <ele>838</ele>
        <time>2026-08-05T11:48:54+00:00</time>
      </trkpt>
      <trkpt lat="41.60832" lon="20.59891">
        <ele>838</ele>
        <time>2026-08-05T11:48:57+00:00</time>
      </trkpt>
      <trkpt lat="41.60836" lon="20.59888">
        <ele>838</ele>
        <time>2026-08-05T11:49:00+00:00</time>
      </trkpt>
      <trkpt lat="41.60842" lon="20.59887">
        <ele>838</ele>
        <time>2026-08-05T11:49:03+00:00</time>
      </trkpt>
      <trkpt lat="41.60848" lon="20.59888">
        <ele>838</ele>
        <time>2026-08-05T11:49:06+00:00</time>
      </trkpt>
      <trkpt lat="41.60851" lon="20.59888">
        <ele>834</ele>
        <time>2026-08-05T11:49:09+00:00</time>
      </trkpt>
      <trkpt lat="41.60853" lon="20.59886">
        <ele>834</ele>
        <time>2026-08-05T11:49:12+00:00</time>
      </trkpt>
      <trkpt lat="41.60853" lon="20.59884">
        <ele>834</ele>
        <time>2026-08-05T11:49:15+00:00</time>
      </trkpt>
      <trkpt lat="41.60853" lon="20.59882">
        <ele>834</ele>
        <time>2026-08-05T11:49:18+00:00</time>
      </trkpt>
      <trkpt lat="41.60853" lon="20.59879">
        <ele>848</ele>
        <time>2026-08-05T11:49:21+00:00</time>
      </trkpt>
      <trkpt lat="41.60855" lon="20.59877">
        <ele>848</ele>
        <time>2026-08-05T11:49:24+00:00</time>
      </trkpt>
      <trkpt lat="41.60857" lon="20.59874">
        <ele>848</ele>
        <time>2026-08-05T11:49:27+00:00</time>
      </trkpt>
      <trkpt lat="41.60858" lon="20.59873">
        <ele>848</ele>
        <time>2026-08-05T11:49:30+00:00</time>
      </trkpt>
      <trkpt lat="41.60858" lon="20.59871">
        <ele>848</ele>
        <time>2026-08-05T11:49:33+00:00</time>
      </trkpt>
      <trkpt lat="41.60861" lon="20.59867">
        <ele>848</ele>
        <time>2026-08-05T11:49:36+00:00</time>
      </trkpt>
      <trkpt lat="41.60861" lon="20.59865">
        <ele>848</ele>
        <time>2026-08-05T11:49:39+00:00</time>
      </trkpt>
      <trkpt lat="41.6086" lon="20.59865">
        <ele>848</ele>
        <time>2026-08-05T11:49:42+00:00</time>
      </trkpt>
      <trkpt lat="41.60861" lon="20.5986">
        <ele>848</ele>
        <time>2026-08-05T11:49:45+00:00</time>
      </trkpt>
      <trkpt lat="41.6086" lon="20.59856">
        <ele>848</ele>
        <time>2026-08-05T11:49:48+00:00</time>
      </trkpt>
      <trkpt lat="41.60861" lon="20.59854">
        <ele>848</ele>
        <time>2026-08-05T11:49:51+00:00</time>
      </trkpt>
      <trkpt lat="41.60858" lon="20.59849">
        <ele>865</ele>
        <time>2026-08-05T11:49:54+00:00</time>
      </trkpt>
      <trkpt lat="41.60858" lon="20.59846">
        <ele>865</ele>
        <time>2026-08-05T11:49:57+00:00</time>
      </trkpt>
      <trkpt lat="41.60856" lon="20.59842">
        <ele>865</ele>
        <time>2026-08-05T11:50:00+00:00</time>
      </trkpt>
      <trkpt lat="41.6085" lon="20.59833">
        <ele>880</ele>
        <time>2026-08-05T11:50:03+00:00</time>
      </trkpt>
      <trkpt lat="41.60847" lon="20.59825">
        <ele>880</ele>
        <time>2026-08-05T11:50:06+00:00</time>
      </trkpt>
      <trkpt lat="41.60845" lon="20.59823">
        <ele>880</ele>
        <time>2026-08-05T11:50:09+00:00</time>
      </trkpt>
      <trkpt lat="41.60844" lon="20.5982">
        <ele>886</ele>
        <time>2026-08-05T11:50:12+00:00</time>
      </trkpt>
      <trkpt lat="41.60842" lon="20.59818">
        <ele>886</ele>
        <time>2026-08-05T11:50:15+00:00</time>
      </trkpt>
      <trkpt lat="41.60841" lon="20.59814">
        <ele>886</ele>
        <time>2026-08-05T11:50:18+00:00</time>
      </trkpt>
      <trkpt lat="41.60838" lon="20.59812">
        <ele>886</ele>
        <time>2026-08-05T11:50:21+00:00</time>
      </trkpt>
      <trkpt lat="41.60838" lon="20.59809">
        <ele>886</ele>
        <time>2026-08-05T11:50:24+00:00</time>
      </trkpt>
      <trkpt lat="41.60838" lon="20.59805">
        <ele>886</ele>
        <time>2026-08-05T11:50:27+00:00</time>
      </trkpt>
      <trkpt lat="41.60837" lon="20.59803">
        <ele>886</ele>
        <time>2026-08-05T11:50:30+00:00</time>
      </trkpt>
      <trkpt lat="41.60834" lon="20.59803">
        <ele>886</ele>
        <time>2026-08-05T11:50:33+00:00</time>
      </trkpt>
      <trkpt lat="41.60831" lon="20.59798">
        <ele>891</ele>
        <time>2026-08-05T11:50:36+00:00</time>
      </trkpt>
      <trkpt lat="41.60832" lon="20.59794">
        <ele>891</ele>
        <time>2026-08-05T11:50:39+00:00</time>
      </trkpt>
      <trkpt lat="41.60837" lon="20.5979">
        <ele>891</ele>
        <time>2026-08-05T11:50:42+00:00</time>
      </trkpt>
      <trkpt lat="41.60844" lon="20.59779">
        <ele>891</ele>
        <time>2026-08-05T11:50:45+00:00</time>
      </trkpt>
      <trkpt lat="41.60846" lon="20.59776">
        <ele>891</ele>
        <time>2026-08-05T11:50:48+00:00</time>
      </trkpt>
      <trkpt lat="41.60851" lon="20.59773">
        <ele>882</ele>
        <time>2026-08-05T11:50:51+00:00</time>
      </trkpt>
      <trkpt lat="41.60854" lon="20.59772">
        <ele>882</ele>
        <time>2026-08-05T11:50:54+00:00</time>
      </trkpt>
      <trkpt lat="41.60871" lon="20.59778">
        <ele>882</ele>
        <time>2026-08-05T11:50:57+00:00</time>
      </trkpt>
      <trkpt lat="41.60879" lon="20.59777">
        <ele>882</ele>
        <time>2026-08-05T11:51:00+00:00</time>
      </trkpt>
      <trkpt lat="41.6088" lon="20.59776">
        <ele>872</ele>
        <time>2026-08-05T11:51:03+00:00</time>
      </trkpt>
      <trkpt lat="41.60891" lon="20.59778">
        <ele>872</ele>
        <time>2026-08-05T11:51:06+00:00</time>
      </trkpt>
      <trkpt lat="41.60901" lon="20.5978">
        <ele>872</ele>
        <time>2026-08-05T11:51:09+00:00</time>
      </trkpt>
      <trkpt lat="41.60911" lon="20.59778">
        <ele>871</ele>
        <time>2026-08-05T11:51:12+00:00</time>
      </trkpt>
      <trkpt lat="41.60918" lon="20.59781">
        <ele>871</ele>
        <time>2026-08-05T11:51:15+00:00</time>
      </trkpt>
      <trkpt lat="41.6092" lon="20.59781">
        <ele>871</ele>
        <time>2026-08-05T11:51:18+00:00</time>
      </trkpt>
      <trkpt lat="41.60925" lon="20.5978">
        <ele>871</ele>
        <time>2026-08-05T11:51:21+00:00</time>
      </trkpt>
      <trkpt lat="41.60931" lon="20.5978">
        <ele>871</ele>
        <time>2026-08-05T11:51:24+00:00</time>
      </trkpt>
      <trkpt lat="41.60936" lon="20.59781">
        <ele>871</ele>
        <time>2026-08-05T11:51:27+00:00</time>
      </trkpt>
      <trkpt lat="41.60941" lon="20.59783">
        <ele>860</ele>
        <time>2026-08-05T11:51:30+00:00</time>
      </trkpt>
      <trkpt lat="41.60948" lon="20.59784">
        <ele>860</ele>
        <time>2026-08-05T11:51:33+00:00</time>
      </trkpt>
      <trkpt lat="41.60955" lon="20.59783">
        <ele>860</ele>
        <time>2026-08-05T11:51:36+00:00</time>
      </trkpt>
      <trkpt lat="41.60962" lon="20.59781">
        <ele>852</ele>
        <time>2026-08-05T11:51:39+00:00</time>
      </trkpt>
      <trkpt lat="41.60975" lon="20.59784">
        <ele>852</ele>
        <time>2026-08-05T11:51:42+00:00</time>
      </trkpt>
      <trkpt lat="41.60992" lon="20.59782">
        <ele>842</ele>
        <time>2026-08-05T11:51:45+00:00</time>
      </trkpt>
      <trkpt lat="41.61008" lon="20.59777">
        <ele>842</ele>
        <time>2026-08-05T11:51:48+00:00</time>
      </trkpt>
      <trkpt lat="41.61017" lon="20.59771">
        <ele>842</ele>
        <time>2026-08-05T11:51:51+00:00</time>
      </trkpt>
      <trkpt lat="41.61022" lon="20.59766">
        <ele>851</ele>
        <time>2026-08-05T11:51:54+00:00</time>
      </trkpt>
      <trkpt lat="41.61027" lon="20.59762">
        <ele>851</ele>
        <time>2026-08-05T11:51:57+00:00</time>
      </trkpt>
      <trkpt lat="41.61038" lon="20.59755">
        <ele>851</ele>
        <time>2026-08-05T11:52:00+00:00</time>
      </trkpt>
      <trkpt lat="41.61044" lon="20.59752">
        <ele>851</ele>
        <time>2026-08-05T11:52:03+00:00</time>
      </trkpt>
      <trkpt lat="41.61053" lon="20.59747">
        <ele>847</ele>
        <time>2026-08-05T11:52:06+00:00</time>
      </trkpt>
      <trkpt lat="41.61064" lon="20.5974">
        <ele>857</ele>
        <time>2026-08-05T11:52:09+00:00</time>
      </trkpt>
      <trkpt lat="41.61072" lon="20.59736">
        <ele>860</ele>
        <time>2026-08-05T11:52:12+00:00</time>
      </trkpt>
      <trkpt lat="41.61076" lon="20.59735">
        <ele>860</ele>
        <time>2026-08-05T11:52:15+00:00</time>
      </trkpt>
      <trkpt lat="41.61081" lon="20.59735">
        <ele>860</ele>
        <time>2026-08-05T11:52:18+00:00</time>
      </trkpt>
      <trkpt lat="41.61095" lon="20.59739">
        <ele>855</ele>
        <time>2026-08-05T11:52:21+00:00</time>
      </trkpt>
      <trkpt lat="41.61109" lon="20.59741">
        <ele>854</ele>
        <time>2026-08-05T11:52:24+00:00</time>
      </trkpt>
      <trkpt lat="41.61119" lon="20.5974">
        <ele>865</ele>
        <time>2026-08-05T11:52:27+00:00</time>
      </trkpt>
      <trkpt lat="41.61129" lon="20.59738">
        <ele>876</ele>
        <time>2026-08-05T11:52:30+00:00</time>
      </trkpt>
      <trkpt lat="41.61139" lon="20.59738">
        <ele>876</ele>
        <time>2026-08-05T11:52:33+00:00</time>
      </trkpt>
      <trkpt lat="41.61144" lon="20.59737">
        <ele>858</ele>
        <time>2026-08-05T11:52:36+00:00</time>
      </trkpt>
      <trkpt lat="41.61154" lon="20.59741">
        <ele>855</ele>
        <time>2026-08-05T11:52:39+00:00</time>
      </trkpt>
      <trkpt lat="41.6116" lon="20.59742">
        <ele>851</ele>
        <time>2026-08-05T11:52:42+00:00</time>
      </trkpt>
      <trkpt lat="41.61176" lon="20.59748">
        <ele>851</ele>
        <time>2026-08-05T11:52:45+00:00</time>
      </trkpt>
      <trkpt lat="41.61184" lon="20.59754">
        <ele>851</ele>
        <time>2026-08-05T11:52:48+00:00</time>
      </trkpt>
      <trkpt lat="41.61186" lon="20.59759">
        <ele>851</ele>
        <time>2026-08-05T11:52:51+00:00</time>
      </trkpt>
      <trkpt lat="41.61188" lon="20.59762">
        <ele>851</ele>
        <time>2026-08-05T11:52:54+00:00</time>
      </trkpt>
      <trkpt lat="41.61188" lon="20.59765">
        <ele>851</ele>
        <time>2026-08-05T11:52:57+00:00</time>
      </trkpt>
      <trkpt lat="41.61186" lon="20.59766">
        <ele>851</ele>
        <time>2026-08-05T11:53:00+00:00</time>
      </trkpt>
      <trkpt lat="41.61183" lon="20.59767">
        <ele>851</ele>
        <time>2026-08-05T11:53:03+00:00</time>
      </trkpt>
      <trkpt lat="41.6118" lon="20.59765">
        <ele>851</ele>
        <time>2026-08-05T11:53:06+00:00</time>
      </trkpt>
      <trkpt lat="41.6117" lon="20.59765">
        <ele>851</ele>
        <time>2026-08-05T11:53:09+00:00</time>
      </trkpt>
      <trkpt lat="41.61168" lon="20.59765">
        <ele>851</ele>
        <time>2026-08-05T11:53:12+00:00</time>
      </trkpt>
      <trkpt lat="41.61163" lon="20.59768">
        <ele>851</ele>
        <time>2026-08-05T11:53:15+00:00</time>
      </trkpt>
      <trkpt lat="41.61158" lon="20.59774">
        <ele>840</ele>
        <time>2026-08-05T11:53:18+00:00</time>
      </trkpt>
      <trkpt lat="41.61149" lon="20.59792">
        <ele>840</ele>
        <time>2026-08-05T11:53:21+00:00</time>
      </trkpt>
      <trkpt lat="41.61146" lon="20.59795">
        <ele>840</ele>
        <time>2026-08-05T11:53:24+00:00</time>
      </trkpt>
      <trkpt lat="41.61142" lon="20.59798">
        <ele>840</ele>
        <time>2026-08-05T11:53:27+00:00</time>
      </trkpt>
      <trkpt lat="41.61138" lon="20.59799">
        <ele>840</ele>
        <time>2026-08-05T11:53:30+00:00</time>
      </trkpt>
      <trkpt lat="41.61123" lon="20.59806">
        <ele>826</ele>
        <time>2026-08-05T11:53:33+00:00</time>
      </trkpt>
      <trkpt lat="41.61106" lon="20.5981">
        <ele>826</ele>
        <time>2026-08-05T11:53:36+00:00</time>
      </trkpt>
      <trkpt lat="41.61104" lon="20.59811">
        <ele>826</ele>
        <time>2026-08-05T11:53:39+00:00</time>
      </trkpt>
      <trkpt lat="41.61103" lon="20.59812">
        <ele>826</ele>
        <time>2026-08-05T11:53:42+00:00</time>
      </trkpt>
      <trkpt lat="41.61102" lon="20.5982">
        <ele>819</ele>
        <time>2026-08-05T11:53:45+00:00</time>
      </trkpt>
      <trkpt lat="41.61101" lon="20.59825">
        <ele>819</ele>
        <time>2026-08-05T11:53:48+00:00</time>
      </trkpt>
      <trkpt lat="41.61096" lon="20.59843">
        <ele>818</ele>
        <time>2026-08-05T11:53:51+00:00</time>
      </trkpt>
      <trkpt lat="41.6109" lon="20.5986">
        <ele>812</ele>
        <time>2026-08-05T11:53:54+00:00</time>
      </trkpt>
      <trkpt lat="41.61087" lon="20.59869">
        <ele>812</ele>
        <time>2026-08-05T11:53:57+00:00</time>
      </trkpt>
      <trkpt lat="41.61085" lon="20.59879">
        <ele>812</ele>
        <time>2026-08-05T11:54:00+00:00</time>
      </trkpt>
      <trkpt lat="41.61081" lon="20.59892">
        <ele>809</ele>
        <time>2026-08-05T11:54:03+00:00</time>
      </trkpt>
      <trkpt lat="41.61075" lon="20.59899">
        <ele>809</ele>
        <time>2026-08-05T11:54:06+00:00</time>
      </trkpt>
      <trkpt lat="41.61071" lon="20.59903">
        <ele>809</ele>
        <time>2026-08-05T11:54:09+00:00</time>
      </trkpt>
      <trkpt lat="41.61069" lon="20.59903">
        <ele>808</ele>
        <time>2026-08-05T11:54:12+00:00</time>
      </trkpt>
      <trkpt lat="41.61068" lon="20.59902">
        <ele>808</ele>
        <time>2026-08-05T11:54:15+00:00</time>
      </trkpt>
      <trkpt lat="41.61062" lon="20.59904">
        <ele>808</ele>
        <time>2026-08-05T11:54:18+00:00</time>
      </trkpt>
      <trkpt lat="41.61057" lon="20.59908">
        <ele>808</ele>
        <time>2026-08-05T11:54:21+00:00</time>
      </trkpt>
      <trkpt lat="41.61046" lon="20.59914">
        <ele>808</ele>
        <time>2026-08-05T11:54:24+00:00</time>
      </trkpt>
      <trkpt lat="41.61041" lon="20.59918">
        <ele>808</ele>
        <time>2026-08-05T11:54:27+00:00</time>
      </trkpt>
      <trkpt lat="41.61038" lon="20.59923">
        <ele>808</ele>
        <time>2026-08-05T11:54:30+00:00</time>
      </trkpt>
      <trkpt lat="41.61037" lon="20.59925">
        <ele>808</ele>
        <time>2026-08-05T11:54:33+00:00</time>
      </trkpt>
      <trkpt lat="41.61039" lon="20.59933">
        <ele>808</ele>
        <time>2026-08-05T11:54:36+00:00</time>
      </trkpt>
      <trkpt lat="41.6104" lon="20.59935">
        <ele>808</ele>
        <time>2026-08-05T11:54:39+00:00</time>
      </trkpt>
      <trkpt lat="41.61016" lon="20.59934">
        <ele>806</ele>
        <time>2026-08-05T11:54:42+00:00</time>
      </trkpt>
    </trkseg>
  </trk>
</gpx>
