<?xml version="1.0" encoding="UTF-8"?>
<gpx xmlns="http://www.topografix.com/GPX/1/1" xmlns:xsi="http://www.w3.org/2001/XMLSchema-instance" version="1.1" creator="Trace de Trail" xsi:schemaLocation="http://www.topografix.com/GPX/1/1 http://www.topografix.com/GPX/1/1/gpx.xsd">
  <metadata>
    <name>Rostushe Trails</name>
    <desc>Parcours créé sur Trace de Trail</desc>
    <link href="https://tracedetrail.fr/en/trace/302208">
      <text>Cartographie du parcours</text>
    </link>
    <time>2025-06-13T11:33:52+00:00</time>
  </metadata>
  <trk>
    <name>Rostushe Trails sur TraceDeTrail.fr</name>
    <src>Trace de Trail</src>
    <trkseg>
      <trkpt lat="41.61053" lon="20.59914">
        <ele>807</ele>
        <time>2025-06-13T11:33:52+00:00</time>
      </trkpt>
      <trkpt lat="41.6108" lon="20.59901">
        <ele>809</ele>
        <time>2025-06-13T11:33:55+00:00</time>
      </trkpt>
      <trkpt lat="41.6109" lon="20.59869">
        <ele>812</ele>
        <time>2025-06-13T11:33:58+00:00</time>
      </trkpt>
      <trkpt lat="41.61101" lon="20.59834">
        <ele>819</ele>
        <time>2025-06-13T11:34:01+00:00</time>
      </trkpt>
      <trkpt lat="41.61105" lon="20.59805">
        <ele>826</ele>
        <time>2025-06-13T11:34:04+00:00</time>
      </trkpt>
      <trkpt lat="41.61086" lon="20.59775">
        <ele>831</ele>
        <time>2025-06-13T11:34:07+00:00</time>
      </trkpt>
      <trkpt lat="41.61057" lon="20.59782">
        <ele>838</ele>
        <time>2025-06-13T11:34:10+00:00</time>
      </trkpt>
      <trkpt lat="41.61028" lon="20.59778">
        <ele>841</ele>
        <time>2025-06-13T11:34:13+00:00</time>
      </trkpt>
      <trkpt lat="41.60994" lon="20.59779">
        <ele>842</ele>
        <time>2025-06-13T11:34:16+00:00</time>
      </trkpt>
      <trkpt lat="41.6096" lon="20.59781">
        <ele>860</ele>
        <time>2025-06-13T11:34:19+00:00</time>
      </trkpt>
      <trkpt lat="41.60922" lon="20.59782">
        <ele>871</ele>
        <time>2025-06-13T11:34:22+00:00</time>
      </trkpt>
      <trkpt lat="41.6088" lon="20.59767">
        <ele>883</ele>
        <time>2025-06-13T11:34:25+00:00</time>
      </trkpt>
      <trkpt lat="41.60849" lon="20.59764">
        <ele>887</ele>
        <time>2025-06-13T11:34:28+00:00</time>
      </trkpt>
      <trkpt lat="41.60843" lon="20.59775">
        <ele>891</ele>
        <time>2025-06-13T11:34:31+00:00</time>
      </trkpt>
      <trkpt lat="41.60831" lon="20.59777">
        <ele>891</ele>
        <time>2025-06-13T11:34:34+00:00</time>
      </trkpt>
      <trkpt lat="41.60819" lon="20.59774">
        <ele>897</ele>
        <time>2025-06-13T11:34:37+00:00</time>
      </trkpt>
      <trkpt lat="41.60797" lon="20.59756">
        <ele>908</ele>
        <time>2025-06-13T11:34:40+00:00</time>
      </trkpt>
      <trkpt lat="41.6077" lon="20.59739">
        <ele>909</ele>
        <time>2025-06-13T11:34:43+00:00</time>
      </trkpt>
      <trkpt lat="41.60743" lon="20.59726">
        <ele>911</ele>
        <time>2025-06-13T11:34:46+00:00</time>
      </trkpt>
      <trkpt lat="41.60716" lon="20.59704">
        <ele>916</ele>
        <time>2025-06-13T11:34:49+00:00</time>
      </trkpt>
      <trkpt lat="41.607" lon="20.59689">
        <ele>917</ele>
        <time>2025-06-13T11:34:52+00:00</time>
      </trkpt>
      <trkpt lat="41.60696" lon="20.59673">
        <ele>917</ele>
        <time>2025-06-13T11:34:55+00:00</time>
      </trkpt>
      <trkpt lat="41.60677" lon="20.59664">
        <ele>922</ele>
        <time>2025-06-13T11:34:58+00:00</time>
      </trkpt>
      <trkpt lat="41.60655" lon="20.59637">
        <ele>927</ele>
        <time>2025-06-13T11:35:01+00:00</time>
      </trkpt>
      <trkpt lat="41.60643" lon="20.59612">
        <ele>935</ele>
        <time>2025-06-13T11:35:04+00:00</time>
      </trkpt>
      <trkpt lat="41.60639" lon="20.59591">
        <ele>951</ele>
        <time>2025-06-13T11:35:07+00:00</time>
      </trkpt>
      <trkpt lat="41.60622" lon="20.59574">
        <ele>959</ele>
        <time>2025-06-13T11:35:10+00:00</time>
      </trkpt>
      <trkpt lat="41.60609" lon="20.59557">
        <ele>971</ele>
        <time>2025-06-13T11:35:13+00:00</time>
      </trkpt>
      <trkpt lat="41.6059" lon="20.59547">
        <ele>982</ele>
        <time>2025-06-13T11:35:16+00:00</time>
      </trkpt>
      <trkpt lat="41.60565" lon="20.59519">
        <ele>980</ele>
        <time>2025-06-13T11:35:19+00:00</time>
      </trkpt>
      <trkpt lat="41.60541" lon="20.59515">
        <ele>979</ele>
        <time>2025-06-13T11:35:22+00:00</time>
      </trkpt>
      <trkpt lat="41.60519" lon="20.59515">
        <ele>977</ele>
        <time>2025-06-13T11:35:25+00:00</time>
      </trkpt>
      <trkpt lat="41.60506" lon="20.5951">
        <ele>977</ele>
        <time>2025-06-13T11:35:28+00:00</time>
      </trkpt>
      <trkpt lat="41.60508" lon="20.59497">
        <ele>977</ele>
        <time>2025-06-13T11:35:31+00:00</time>
      </trkpt>
      <trkpt lat="41.60529" lon="20.5949">
        <ele>980</ele>
        <time>2025-06-13T11:35:34+00:00</time>
      </trkpt>
      <trkpt lat="41.60536" lon="20.59465">
        <ele>980</ele>
        <time>2025-06-13T11:35:37+00:00</time>
      </trkpt>
      <trkpt lat="41.60539" lon="20.59444">
        <ele>981</ele>
        <time>2025-06-13T11:35:40+00:00</time>
      </trkpt>
      <trkpt lat="41.60543" lon="20.59423">
        <ele>987</ele>
        <time>2025-06-13T11:35:43+00:00</time>
      </trkpt>
      <trkpt lat="41.60546" lon="20.59387">
        <ele>983</ele>
        <time>2025-06-13T11:35:46+00:00</time>
      </trkpt>
      <trkpt lat="41.60556" lon="20.59345">
        <ele>982</ele>
        <time>2025-06-13T11:35:49+00:00</time>
      </trkpt>
      <trkpt lat="41.60546" lon="20.59292">
        <ele>982</ele>
        <time>2025-06-13T11:35:52+00:00</time>
      </trkpt>
      <trkpt lat="41.60535" lon="20.59246">
        <ele>985</ele>
        <time>2025-06-13T11:35:55+00:00</time>
      </trkpt>
      <trkpt lat="41.60525" lon="20.59213">
        <ele>987</ele>
        <time>2025-06-13T11:35:58+00:00</time>
      </trkpt>
      <trkpt lat="41.60517" lon="20.5919">
        <ele>981</ele>
        <time>2025-06-13T11:36:01+00:00</time>
      </trkpt>
      <trkpt lat="41.60513" lon="20.59167">
        <ele>990</ele>
        <time>2025-06-13T11:36:04+00:00</time>
      </trkpt>
      <trkpt lat="41.60509" lon="20.5914">
        <ele>997</ele>
        <time>2025-06-13T11:36:07+00:00</time>
      </trkpt>
      <trkpt lat="41.60505" lon="20.59099">
        <ele>1019</ele>
        <time>2025-06-13T11:36:10+00:00</time>
      </trkpt>
      <trkpt lat="41.60495" lon="20.59051">
        <ele>1019</ele>
        <time>2025-06-13T11:36:13+00:00</time>
      </trkpt>
      <trkpt lat="41.60484" lon="20.59041">
        <ele>1020</ele>
        <time>2025-06-13T11:36:16+00:00</time>
      </trkpt>
      <trkpt lat="41.60469" lon="20.5904">
        <ele>1020</ele>
        <time>2025-06-13T11:36:19+00:00</time>
      </trkpt>
      <trkpt lat="41.6044" lon="20.5904">
        <ele>1020</ele>
        <time>2025-06-13T11:36:22+00:00</time>
      </trkpt>
      <trkpt lat="41.60414" lon="20.59035">
        <ele>1017</ele>
        <time>2025-06-13T11:36:25+00:00</time>
      </trkpt>
      <trkpt lat="41.6041" lon="20.59018">
        <ele>1015</ele>
        <time>2025-06-13T11:36:28+00:00</time>
      </trkpt>
      <trkpt lat="41.60397" lon="20.59005">
        <ele>1015</ele>
        <time>2025-06-13T11:36:31+00:00</time>
      </trkpt>
      <trkpt lat="41.60361" lon="20.58988">
        <ele>1009</ele>
        <time>2025-06-13T11:36:34+00:00</time>
      </trkpt>
      <trkpt lat="41.60318" lon="20.58961">
        <ele>991</ele>
        <time>2025-06-13T11:36:37+00:00</time>
      </trkpt>
      <trkpt lat="41.60312" lon="20.58951">
        <ele>992</ele>
        <time>2025-06-13T11:36:40+00:00</time>
      </trkpt>
      <trkpt lat="41.60281" lon="20.58923">
        <ele>999</ele>
        <time>2025-06-13T11:36:43+00:00</time>
      </trkpt>
      <trkpt lat="41.60264" lon="20.58863">
        <ele>1007</ele>
        <time>2025-06-13T11:36:46+00:00</time>
      </trkpt>
      <trkpt lat="41.60257" lon="20.58849">
        <ele>1014</ele>
        <time>2025-06-13T11:36:49+00:00</time>
      </trkpt>
      <trkpt lat="41.60244" lon="20.5884">
        <ele>1014</ele>
        <time>2025-06-13T11:36:52+00:00</time>
      </trkpt>
      <trkpt lat="41.60214" lon="20.58841">
        <ele>1026</ele>
        <time>2025-06-13T11:36:55+00:00</time>
      </trkpt>
      <trkpt lat="41.60198" lon="20.58833">
        <ele>1036</ele>
        <time>2025-06-13T11:36:58+00:00</time>
      </trkpt>
      <trkpt lat="41.6019" lon="20.58834">
        <ele>1036</ele>
        <time>2025-06-13T11:37:01+00:00</time>
      </trkpt>
      <trkpt lat="41.60172" lon="20.5882">
        <ele>1043</ele>
        <time>2025-06-13T11:37:04+00:00</time>
      </trkpt>
      <trkpt lat="41.60155" lon="20.58819">
        <ele>1057</ele>
        <time>2025-06-13T11:37:07+00:00</time>
      </trkpt>
      <trkpt lat="41.60138" lon="20.58819">
        <ele>1047</ele>
        <time>2025-06-13T11:37:10+00:00</time>
      </trkpt>
      <trkpt lat="41.6012" lon="20.58819">
        <ele>1051</ele>
        <time>2025-06-13T11:37:13+00:00</time>
      </trkpt>
      <trkpt lat="41.60111" lon="20.5881">
        <ele>1051</ele>
        <time>2025-06-13T11:37:16+00:00</time>
      </trkpt>
      <trkpt lat="41.60091" lon="20.58812">
        <ele>1051</ele>
        <time>2025-06-13T11:37:19+00:00</time>
      </trkpt>
      <trkpt lat="41.6007" lon="20.58814">
        <ele>1050</ele>
        <time>2025-06-13T11:37:22+00:00</time>
      </trkpt>
      <trkpt lat="41.60053" lon="20.58811">
        <ele>1048</ele>
        <time>2025-06-13T11:37:25+00:00</time>
      </trkpt>
      <trkpt lat="41.60024" lon="20.58808">
        <ele>1050</ele>
        <time>2025-06-13T11:37:28+00:00</time>
      </trkpt>
      <trkpt lat="41.6" lon="20.58801">
        <ele>1051</ele>
        <time>2025-06-13T11:37:31+00:00</time>
      </trkpt>
      <trkpt lat="41.59985" lon="20.58792">
        <ele>1066</ele>
        <time>2025-06-13T11:37:34+00:00</time>
      </trkpt>
      <trkpt lat="41.59967" lon="20.58793">
        <ele>1066</ele>
        <time>2025-06-13T11:37:37+00:00</time>
      </trkpt>
      <trkpt lat="41.59944" lon="20.58791">
        <ele>1066</ele>
        <time>2025-06-13T11:37:40+00:00</time>
      </trkpt>
      <trkpt lat="41.59916" lon="20.5877">
        <ele>1066</ele>
        <time>2025-06-13T11:37:43+00:00</time>
      </trkpt>
      <trkpt lat="41.59894" lon="20.58758">
        <ele>1064</ele>
        <time>2025-06-13T11:37:46+00:00</time>
      </trkpt>
      <trkpt lat="41.59875" lon="20.58753">
        <ele>1062</ele>
        <time>2025-06-13T11:37:49+00:00</time>
      </trkpt>
      <trkpt lat="41.5986" lon="20.58745">
        <ele>1062</ele>
        <time>2025-06-13T11:37:52+00:00</time>
      </trkpt>
      <trkpt lat="41.59851" lon="20.58757">
        <ele>1062</ele>
        <time>2025-06-13T11:37:55+00:00</time>
      </trkpt>
      <trkpt lat="41.59846" lon="20.58798">
        <ele>1062</ele>
        <time>2025-06-13T11:37:58+00:00</time>
      </trkpt>
      <trkpt lat="41.59844" lon="20.58822">
        <ele>1065</ele>
        <time>2025-06-13T11:38:01+00:00</time>
      </trkpt>
      <trkpt lat="41.59844" lon="20.58848">
        <ele>1065</ele>
        <time>2025-06-13T11:38:04+00:00</time>
      </trkpt>
      <trkpt lat="41.59843" lon="20.58878">
        <ele>1067</ele>
        <time>2025-06-13T11:38:07+00:00</time>
      </trkpt>
      <trkpt lat="41.5985" lon="20.58934">
        <ele>1069</ele>
        <time>2025-06-13T11:38:10+00:00</time>
      </trkpt>
      <trkpt lat="41.59852" lon="20.58966">
        <ele>1085</ele>
        <time>2025-06-13T11:38:13+00:00</time>
      </trkpt>
      <trkpt lat="41.59852" lon="20.59002">
        <ele>1093</ele>
        <time>2025-06-13T11:38:16+00:00</time>
      </trkpt>
      <trkpt lat="41.59851" lon="20.59042">
        <ele>1095</ele>
        <time>2025-06-13T11:38:19+00:00</time>
      </trkpt>
      <trkpt lat="41.59829" lon="20.5907">
        <ele>1110</ele>
        <time>2025-06-13T11:38:22+00:00</time>
      </trkpt>
      <trkpt lat="41.59828" lon="20.59106">
        <ele>1118</ele>
        <time>2025-06-13T11:38:25+00:00</time>
      </trkpt>
      <trkpt lat="41.59828" lon="20.59146">
        <ele>1121</ele>
        <time>2025-06-13T11:38:28+00:00</time>
      </trkpt>
      <trkpt lat="41.59812" lon="20.59156">
        <ele>1143</ele>
        <time>2025-06-13T11:38:31+00:00</time>
      </trkpt>
      <trkpt lat="41.59804" lon="20.59171">
        <ele>1147</ele>
        <time>2025-06-13T11:38:34+00:00</time>
      </trkpt>
      <trkpt lat="41.59801" lon="20.59197">
        <ele>1150</ele>
        <time>2025-06-13T11:38:37+00:00</time>
      </trkpt>
      <trkpt lat="41.59789" lon="20.59223">
        <ele>1164</ele>
        <time>2025-06-13T11:38:40+00:00</time>
      </trkpt>
      <trkpt lat="41.59784" lon="20.59244">
        <ele>1166</ele>
        <time>2025-06-13T11:38:43+00:00</time>
      </trkpt>
      <trkpt lat="41.59783" lon="20.5927">
        <ele>1168</ele>
        <time>2025-06-13T11:38:46+00:00</time>
      </trkpt>
      <trkpt lat="41.59781" lon="20.59296">
        <ele>1168</ele>
        <time>2025-06-13T11:38:49+00:00</time>
      </trkpt>
      <trkpt lat="41.59769" lon="20.59301">
        <ele>1180</ele>
        <time>2025-06-13T11:38:52+00:00</time>
      </trkpt>
      <trkpt lat="41.59759" lon="20.59294">
        <ele>1180</ele>
        <time>2025-06-13T11:38:55+00:00</time>
      </trkpt>
      <trkpt lat="41.59748" lon="20.5927">
        <ele>1180</ele>
        <time>2025-06-13T11:38:58+00:00</time>
      </trkpt>
      <trkpt lat="41.59727" lon="20.59245">
        <ele>1182</ele>
        <time>2025-06-13T11:39:01+00:00</time>
      </trkpt>
      <trkpt lat="41.59698" lon="20.59242">
        <ele>1185</ele>
        <time>2025-06-13T11:39:04+00:00</time>
      </trkpt>
      <trkpt lat="41.59668" lon="20.59207">
        <ele>1186</ele>
        <time>2025-06-13T11:39:07+00:00</time>
      </trkpt>
      <trkpt lat="41.59655" lon="20.5918">
        <ele>1187</ele>
        <time>2025-06-13T11:39:10+00:00</time>
      </trkpt>
      <trkpt lat="41.59628" lon="20.59162">
        <ele>1192</ele>
        <time>2025-06-13T11:39:13+00:00</time>
      </trkpt>
      <trkpt lat="41.59628" lon="20.59197">
        <ele>1193</ele>
        <time>2025-06-13T11:39:16+00:00</time>
      </trkpt>
      <trkpt lat="41.59628" lon="20.59237">
        <ele>1198</ele>
        <time>2025-06-13T11:39:19+00:00</time>
      </trkpt>
      <trkpt lat="41.59621" lon="20.59262">
        <ele>1204</ele>
        <time>2025-06-13T11:39:22+00:00</time>
      </trkpt>
      <trkpt lat="41.59611" lon="20.5929">
        <ele>1209</ele>
        <time>2025-06-13T11:39:25+00:00</time>
      </trkpt>
      <trkpt lat="41.59603" lon="20.59303">
        <ele>1213</ele>
        <time>2025-06-13T11:39:28+00:00</time>
      </trkpt>
      <trkpt lat="41.59596" lon="20.59312">
        <ele>1219</ele>
        <time>2025-06-13T11:39:31+00:00</time>
      </trkpt>
      <trkpt lat="41.59589" lon="20.59316">
        <ele>1219</ele>
        <time>2025-06-13T11:39:34+00:00</time>
      </trkpt>
      <trkpt lat="41.59569" lon="20.59312">
        <ele>1234</ele>
        <time>2025-06-13T11:39:37+00:00</time>
      </trkpt>
      <trkpt lat="41.59548" lon="20.59277">
        <ele>1235</ele>
        <time>2025-06-13T11:39:40+00:00</time>
      </trkpt>
      <trkpt lat="41.5953" lon="20.59247">
        <ele>1235</ele>
        <time>2025-06-13T11:39:43+00:00</time>
      </trkpt>
      <trkpt lat="41.59507" lon="20.59208">
        <ele>1233</ele>
        <time>2025-06-13T11:39:46+00:00</time>
      </trkpt>
      <trkpt lat="41.59496" lon="20.59172">
        <ele>1239</ele>
        <time>2025-06-13T11:39:49+00:00</time>
      </trkpt>
      <trkpt lat="41.59482" lon="20.59123">
        <ele>1246</ele>
        <time>2025-06-13T11:39:52+00:00</time>
      </trkpt>
      <trkpt lat="41.59465" lon="20.59094">
        <ele>1246</ele>
        <time>2025-06-13T11:39:55+00:00</time>
      </trkpt>
      <trkpt lat="41.59445" lon="20.5906">
        <ele>1250</ele>
        <time>2025-06-13T11:39:58+00:00</time>
      </trkpt>
      <trkpt lat="41.59413" lon="20.59051">
        <ele>1248</ele>
        <time>2025-06-13T11:40:01+00:00</time>
      </trkpt>
      <trkpt lat="41.59385" lon="20.59043">
        <ele>1253</ele>
        <time>2025-06-13T11:40:04+00:00</time>
      </trkpt>
      <trkpt lat="41.59351" lon="20.59033">
        <ele>1258</ele>
        <time>2025-06-13T11:40:07+00:00</time>
      </trkpt>
      <trkpt lat="41.59317" lon="20.59001">
        <ele>1271</ele>
        <time>2025-06-13T11:40:10+00:00</time>
      </trkpt>
      <trkpt lat="41.59299" lon="20.59001">
        <ele>1284</ele>
        <time>2025-06-13T11:40:13+00:00</time>
      </trkpt>
      <trkpt lat="41.5929" lon="20.58978">
        <ele>1277</ele>
        <time>2025-06-13T11:40:16+00:00</time>
      </trkpt>
      <trkpt lat="41.5926" lon="20.58954">
        <ele>1275</ele>
        <time>2025-06-13T11:40:19+00:00</time>
      </trkpt>
      <trkpt lat="41.5923" lon="20.58929">
        <ele>1273</ele>
        <time>2025-06-13T11:40:22+00:00</time>
      </trkpt>
      <trkpt lat="41.5919" lon="20.58897">
        <ele>1276</ele>
        <time>2025-06-13T11:40:25+00:00</time>
      </trkpt>
      <trkpt lat="41.5916" lon="20.58901">
        <ele>1279</ele>
        <time>2025-06-13T11:40:28+00:00</time>
      </trkpt>
      <trkpt lat="41.59144" lon="20.58892">
        <ele>1283</ele>
        <time>2025-06-13T11:40:31+00:00</time>
      </trkpt>
      <trkpt lat="41.59124" lon="20.58891">
        <ele>1287</ele>
        <time>2025-06-13T11:40:34+00:00</time>
      </trkpt>
      <trkpt lat="41.59098" lon="20.5889">
        <ele>1298</ele>
        <time>2025-06-13T11:40:37+00:00</time>
      </trkpt>
      <trkpt lat="41.59054" lon="20.589">
        <ele>1310</ele>
        <time>2025-06-13T11:40:40+00:00</time>
      </trkpt>
      <trkpt lat="41.59021" lon="20.58896">
        <ele>1321</ele>
        <time>2025-06-13T11:40:43+00:00</time>
      </trkpt>
      <trkpt lat="41.58992" lon="20.58893">
        <ele>1327</ele>
        <time>2025-06-13T11:40:46+00:00</time>
      </trkpt>
      <trkpt lat="41.58954" lon="20.58889">
        <ele>1338</ele>
        <time>2025-06-13T11:40:49+00:00</time>
      </trkpt>
      <trkpt lat="41.58929" lon="20.58895">
        <ele>1343</ele>
        <time>2025-06-13T11:40:52+00:00</time>
      </trkpt>
      <trkpt lat="41.58904" lon="20.58901">
        <ele>1353</ele>
        <time>2025-06-13T11:40:55+00:00</time>
      </trkpt>
      <trkpt lat="41.58855" lon="20.58897">
        <ele>1357</ele>
        <time>2025-06-13T11:40:58+00:00</time>
      </trkpt>
      <trkpt lat="41.5887" lon="20.58861">
        <ele>1358</ele>
        <time>2025-06-13T11:41:01+00:00</time>
      </trkpt>
      <trkpt lat="41.58917" lon="20.58838">
        <ele>1360</ele>
        <time>2025-06-13T11:41:04+00:00</time>
      </trkpt>
      <trkpt lat="41.58936" lon="20.58812">
        <ele>1366</ele>
        <time>2025-06-13T11:41:07+00:00</time>
      </trkpt>
      <trkpt lat="41.5894" lon="20.58785">
        <ele>1367</ele>
        <time>2025-06-13T11:41:10+00:00</time>
      </trkpt>
      <trkpt lat="41.58952" lon="20.58779">
        <ele>1372</ele>
        <time>2025-06-13T11:41:13+00:00</time>
      </trkpt>
      <trkpt lat="41.58973" lon="20.58786">
        <ele>1367</ele>
        <time>2025-06-13T11:41:16+00:00</time>
      </trkpt>
      <trkpt lat="41.59001" lon="20.58773">
        <ele>1368</ele>
        <time>2025-06-13T11:41:19+00:00</time>
      </trkpt>
      <trkpt lat="41.59016" lon="20.58736">
        <ele>1380</ele>
        <time>2025-06-13T11:41:22+00:00</time>
      </trkpt>
      <trkpt lat="41.5901" lon="20.58698">
        <ele>1383</ele>
        <time>2025-06-13T11:41:25+00:00</time>
      </trkpt>
      <trkpt lat="41.59017" lon="20.58662">
        <ele>1379</ele>
        <time>2025-06-13T11:41:28+00:00</time>
      </trkpt>
      <trkpt lat="41.59034" lon="20.5864">
        <ele>1378</ele>
        <time>2025-06-13T11:41:31+00:00</time>
      </trkpt>
      <trkpt lat="41.59041" lon="20.58615">
        <ele>1377</ele>
        <time>2025-06-13T11:41:34+00:00</time>
      </trkpt>
      <trkpt lat="41.59034" lon="20.58607">
        <ele>1382</ele>
        <time>2025-06-13T11:41:37+00:00</time>
      </trkpt>
      <trkpt lat="41.59025" lon="20.58624">
        <ele>1377</ele>
        <time>2025-06-13T11:41:40+00:00</time>
      </trkpt>
      <trkpt lat="41.5901" lon="20.58638">
        <ele>1387</ele>
        <time>2025-06-13T11:41:43+00:00</time>
      </trkpt>
      <trkpt lat="41.58994" lon="20.58652">
        <ele>1387</ele>
        <time>2025-06-13T11:41:46+00:00</time>
      </trkpt>
      <trkpt lat="41.58991" lon="20.58625">
        <ele>1390</ele>
        <time>2025-06-13T11:41:49+00:00</time>
      </trkpt>
      <trkpt lat="41.58987" lon="20.5859">
        <ele>1394</ele>
        <time>2025-06-13T11:41:52+00:00</time>
      </trkpt>
      <trkpt lat="41.58998" lon="20.58565">
        <ele>1398</ele>
        <time>2025-06-13T11:41:55+00:00</time>
      </trkpt>
      <trkpt lat="41.59008" lon="20.58519">
        <ele>1397</ele>
        <time>2025-06-13T11:41:58+00:00</time>
      </trkpt>
      <trkpt lat="41.59021" lon="20.5852">
        <ele>1391</ele>
        <time>2025-06-13T11:42:01+00:00</time>
      </trkpt>
      <trkpt lat="41.59039" lon="20.58506">
        <ele>1397</ele>
        <time>2025-06-13T11:42:04+00:00</time>
      </trkpt>
      <trkpt lat="41.59061" lon="20.58489">
        <ele>1401</ele>
        <time>2025-06-13T11:42:07+00:00</time>
      </trkpt>
      <trkpt lat="41.59098" lon="20.58464">
        <ele>1405</ele>
        <time>2025-06-13T11:42:10+00:00</time>
      </trkpt>
      <trkpt lat="41.59112" lon="20.58418">
        <ele>1406</ele>
        <time>2025-06-13T11:42:13+00:00</time>
      </trkpt>
      <trkpt lat="41.5914" lon="20.58378">
        <ele>1406</ele>
        <time>2025-06-13T11:42:16+00:00</time>
      </trkpt>
      <trkpt lat="41.59139" lon="20.58344">
        <ele>1406</ele>
        <time>2025-06-13T11:42:19+00:00</time>
      </trkpt>
      <trkpt lat="41.59138" lon="20.58309">
        <ele>1404</ele>
        <time>2025-06-13T11:42:22+00:00</time>
      </trkpt>
      <trkpt lat="41.59111" lon="20.58297">
        <ele>1409</ele>
        <time>2025-06-13T11:42:25+00:00</time>
      </trkpt>
      <trkpt lat="41.59089" lon="20.58292">
        <ele>1415</ele>
        <time>2025-06-13T11:42:28+00:00</time>
      </trkpt>
      <trkpt lat="41.5907" lon="20.58256">
        <ele>1412</ele>
        <time>2025-06-13T11:42:31+00:00</time>
      </trkpt>
      <trkpt lat="41.59053" lon="20.58226">
        <ele>1415</ele>
        <time>2025-06-13T11:42:34+00:00</time>
      </trkpt>
      <trkpt lat="41.59033" lon="20.58189">
        <ele>1419</ele>
        <time>2025-06-13T11:42:37+00:00</time>
      </trkpt>
      <trkpt lat="41.59035" lon="20.58152">
        <ele>1419</ele>
        <time>2025-06-13T11:42:40+00:00</time>
      </trkpt>
      <trkpt lat="41.59038" lon="20.58106">
        <ele>1419</ele>
        <time>2025-06-13T11:42:43+00:00</time>
      </trkpt>
      <trkpt lat="41.59025" lon="20.58072">
        <ele>1419</ele>
        <time>2025-06-13T11:42:46+00:00</time>
      </trkpt>
      <trkpt lat="41.59008" lon="20.58026">
        <ele>1424</ele>
        <time>2025-06-13T11:42:49+00:00</time>
      </trkpt>
      <trkpt lat="41.59007" lon="20.57985">
        <ele>1429</ele>
        <time>2025-06-13T11:42:52+00:00</time>
      </trkpt>
      <trkpt lat="41.59006" lon="20.5792">
        <ele>1432</ele>
        <time>2025-06-13T11:42:55+00:00</time>
      </trkpt>
      <trkpt lat="41.58999" lon="20.5787">
        <ele>1430</ele>
        <time>2025-06-13T11:42:58+00:00</time>
      </trkpt>
      <trkpt lat="41.58993" lon="20.57819">
        <ele>1445</ele>
        <time>2025-06-13T11:43:01+00:00</time>
      </trkpt>
      <trkpt lat="41.58986" lon="20.57769">
        <ele>1452</ele>
        <time>2025-06-13T11:43:04+00:00</time>
      </trkpt>
      <trkpt lat="41.58979" lon="20.57713">
        <ele>1453</ele>
        <time>2025-06-13T11:43:07+00:00</time>
      </trkpt>
      <trkpt lat="41.58973" lon="20.57661">
        <ele>1451</ele>
        <time>2025-06-13T11:43:10+00:00</time>
      </trkpt>
      <trkpt lat="41.58967" lon="20.57609">
        <ele>1450</ele>
        <time>2025-06-13T11:43:13+00:00</time>
      </trkpt>
      <trkpt lat="41.58962" lon="20.57557">
        <ele>1463</ele>
        <time>2025-06-13T11:43:16+00:00</time>
      </trkpt>
      <trkpt lat="41.58958" lon="20.57521">
        <ele>1476</ele>
        <time>2025-06-13T11:43:19+00:00</time>
      </trkpt>
      <trkpt lat="41.58953" lon="20.57478">
        <ele>1478</ele>
        <time>2025-06-13T11:43:22+00:00</time>
      </trkpt>
      <trkpt lat="41.5896" lon="20.57441">
        <ele>1478</ele>
        <time>2025-06-13T11:43:25+00:00</time>
      </trkpt>
      <trkpt lat="41.58963" lon="20.57407">
        <ele>1478</ele>
        <time>2025-06-13T11:43:28+00:00</time>
      </trkpt>
      <trkpt lat="41.58966" lon="20.57372">
        <ele>1482</ele>
        <time>2025-06-13T11:43:31+00:00</time>
      </trkpt>
      <trkpt lat="41.58966" lon="20.57314">
        <ele>1495</ele>
        <time>2025-06-13T11:43:34+00:00</time>
      </trkpt>
      <trkpt lat="41.58974" lon="20.57287">
        <ele>1509</ele>
        <time>2025-06-13T11:43:37+00:00</time>
      </trkpt>
      <trkpt lat="41.58988" lon="20.57249">
        <ele>1517</ele>
        <time>2025-06-13T11:43:40+00:00</time>
      </trkpt>
      <trkpt lat="41.58982" lon="20.57215">
        <ele>1519</ele>
        <time>2025-06-13T11:43:43+00:00</time>
      </trkpt>
      <trkpt lat="41.5897" lon="20.57161">
        <ele>1525</ele>
        <time>2025-06-13T11:43:46+00:00</time>
      </trkpt>
      <trkpt lat="41.58946" lon="20.57114">
        <ele>1538</ele>
        <time>2025-06-13T11:43:49+00:00</time>
      </trkpt>
      <trkpt lat="41.58929" lon="20.5709">
        <ele>1543</ele>
        <time>2025-06-13T11:43:52+00:00</time>
      </trkpt>
      <trkpt lat="41.58907" lon="20.57076">
        <ele>1546</ele>
        <time>2025-06-13T11:43:55+00:00</time>
      </trkpt>
      <trkpt lat="41.5887" lon="20.57041">
        <ele>1571</ele>
        <time>2025-06-13T11:43:58+00:00</time>
      </trkpt>
      <trkpt lat="41.58845" lon="20.57026">
        <ele>1588</ele>
        <time>2025-06-13T11:44:01+00:00</time>
      </trkpt>
      <trkpt lat="41.58812" lon="20.57003">
        <ele>1628</ele>
        <time>2025-06-13T11:44:04+00:00</time>
      </trkpt>
      <trkpt lat="41.58803" lon="20.56995">
        <ele>1628</ele>
        <time>2025-06-13T11:44:07+00:00</time>
      </trkpt>
      <trkpt lat="41.58784" lon="20.56984">
        <ele>1658</ele>
        <time>2025-06-13T11:44:10+00:00</time>
      </trkpt>
      <trkpt lat="41.58761" lon="20.56964">
        <ele>1671</ele>
        <time>2025-06-13T11:44:13+00:00</time>
      </trkpt>
      <trkpt lat="41.58738" lon="20.56948">
        <ele>1691</ele>
        <time>2025-06-13T11:44:16+00:00</time>
      </trkpt>
      <trkpt lat="41.58724" lon="20.56946">
        <ele>1691</ele>
        <time>2025-06-13T11:44:19+00:00</time>
      </trkpt>
      <trkpt lat="41.58718" lon="20.56937">
        <ele>1699</ele>
        <time>2025-06-13T11:44:22+00:00</time>
      </trkpt>
      <trkpt lat="41.58714" lon="20.56913">
        <ele>1699</ele>
        <time>2025-06-13T11:44:25+00:00</time>
      </trkpt>
      <trkpt lat="41.58712" lon="20.56874">
        <ele>1712</ele>
        <time>2025-06-13T11:44:28+00:00</time>
      </trkpt>
      <trkpt lat="41.58689" lon="20.56821">
        <ele>1731</ele>
        <time>2025-06-13T11:44:31+00:00</time>
      </trkpt>
      <trkpt lat="41.58678" lon="20.56815">
        <ele>1738</ele>
        <time>2025-06-13T11:44:34+00:00</time>
      </trkpt>
      <trkpt lat="41.58656" lon="20.56797">
        <ele>1753</ele>
        <time>2025-06-13T11:44:37+00:00</time>
      </trkpt>
      <trkpt lat="41.58623" lon="20.56776">
        <ele>1755</ele>
        <time>2025-06-13T11:44:40+00:00</time>
      </trkpt>
      <trkpt lat="41.58594" lon="20.56747">
        <ele>1760</ele>
        <time>2025-06-13T11:44:43+00:00</time>
      </trkpt>
      <trkpt lat="41.58586" lon="20.5673">
        <ele>1765</ele>
        <time>2025-06-13T11:44:46+00:00</time>
      </trkpt>
      <trkpt lat="41.58568" lon="20.56702">
        <ele>1767</ele>
        <time>2025-06-13T11:44:49+00:00</time>
      </trkpt>
      <trkpt lat="41.58572" lon="20.56671">
        <ele>1775</ele>
        <time>2025-06-13T11:44:52+00:00</time>
      </trkpt>
      <trkpt lat="41.58575" lon="20.56639">
        <ele>1781</ele>
        <time>2025-06-13T11:44:55+00:00</time>
      </trkpt>
      <trkpt lat="41.58583" lon="20.56628">
        <ele>1786</ele>
        <time>2025-06-13T11:44:58+00:00</time>
      </trkpt>
      <trkpt lat="41.58588" lon="20.56619">
        <ele>1786</ele>
        <time>2025-06-13T11:45:01+00:00</time>
      </trkpt>
      <trkpt lat="41.5859" lon="20.56608">
        <ele>1786</ele>
        <time>2025-06-13T11:45:04+00:00</time>
      </trkpt>
      <trkpt lat="41.58597" lon="20.56593">
        <ele>1791</ele>
        <time>2025-06-13T11:45:07+00:00</time>
      </trkpt>
      <trkpt lat="41.58601" lon="20.56576">
        <ele>1794</ele>
        <time>2025-06-13T11:45:10+00:00</time>
      </trkpt>
      <trkpt lat="41.58603" lon="20.56574">
        <ele>1794</ele>
        <time>2025-06-13T11:45:13+00:00</time>
      </trkpt>
      <trkpt lat="41.58612" lon="20.5657">
        <ele>1794</ele>
        <time>2025-06-13T11:45:16+00:00</time>
      </trkpt>
      <trkpt lat="41.58615" lon="20.56567">
        <ele>1807</ele>
        <time>2025-06-13T11:45:19+00:00</time>
      </trkpt>
      <trkpt lat="41.5862" lon="20.5657">
        <ele>1794</ele>
        <time>2025-06-13T11:45:22+00:00</time>
      </trkpt>
      <trkpt lat="41.58624" lon="20.56566">
        <ele>1807</ele>
        <time>2025-06-13T11:45:25+00:00</time>
      </trkpt>
      <trkpt lat="41.58628" lon="20.56569">
        <ele>1807</ele>
        <time>2025-06-13T11:45:28+00:00</time>
      </trkpt>
      <trkpt lat="41.58631" lon="20.56566">
        <ele>1802</ele>
        <time>2025-06-13T11:45:31+00:00</time>
      </trkpt>
      <trkpt lat="41.58634" lon="20.56559">
        <ele>1802</ele>
        <time>2025-06-13T11:45:34+00:00</time>
      </trkpt>
      <trkpt lat="41.5864" lon="20.56553">
        <ele>1802</ele>
        <time>2025-06-13T11:45:37+00:00</time>
      </trkpt>
      <trkpt lat="41.58647" lon="20.56541">
        <ele>1805</ele>
        <time>2025-06-13T11:45:40+00:00</time>
      </trkpt>
      <trkpt lat="41.58651" lon="20.56518">
        <ele>1802</ele>
        <time>2025-06-13T11:45:43+00:00</time>
      </trkpt>
      <trkpt lat="41.5866" lon="20.56507">
        <ele>1802</ele>
        <time>2025-06-13T11:45:46+00:00</time>
      </trkpt>
      <trkpt lat="41.5867" lon="20.565">
        <ele>1802</ele>
        <time>2025-06-13T11:45:49+00:00</time>
      </trkpt>
      <trkpt lat="41.58675" lon="20.56483">
        <ele>1810</ele>
        <time>2025-06-13T11:45:52+00:00</time>
      </trkpt>
      <trkpt lat="41.58674" lon="20.56477">
        <ele>1810</ele>
        <time>2025-06-13T11:45:55+00:00</time>
      </trkpt>
      <trkpt lat="41.58675" lon="20.56469">
        <ele>1810</ele>
        <time>2025-06-13T11:45:58+00:00</time>
      </trkpt>
      <trkpt lat="41.58683" lon="20.5646">
        <ele>1817</ele>
        <time>2025-06-13T11:46:01+00:00</time>
      </trkpt>
      <trkpt lat="41.5869" lon="20.56441">
        <ele>1825</ele>
        <time>2025-06-13T11:46:04+00:00</time>
      </trkpt>
      <trkpt lat="41.58699" lon="20.56424">
        <ele>1829</ele>
        <time>2025-06-13T11:46:07+00:00</time>
      </trkpt>
      <trkpt lat="41.58706" lon="20.56409">
        <ele>1832</ele>
        <time>2025-06-13T11:46:10+00:00</time>
      </trkpt>
      <trkpt lat="41.58714" lon="20.56402">
        <ele>1841</ele>
        <time>2025-06-13T11:46:13+00:00</time>
      </trkpt>
      <trkpt lat="41.58722" lon="20.56392">
        <ele>1841</ele>
        <time>2025-06-13T11:46:16+00:00</time>
      </trkpt>
      <trkpt lat="41.58725" lon="20.56391">
        <ele>1841</ele>
        <time>2025-06-13T11:46:19+00:00</time>
      </trkpt>
      <trkpt lat="41.58735" lon="20.56383">
        <ele>1841</ele>
        <time>2025-06-13T11:46:22+00:00</time>
      </trkpt>
      <trkpt lat="41.58741" lon="20.5638">
        <ele>1849</ele>
        <time>2025-06-13T11:46:25+00:00</time>
      </trkpt>
      <trkpt lat="41.58745" lon="20.56384">
        <ele>1849</ele>
        <time>2025-06-13T11:46:28+00:00</time>
      </trkpt>
      <trkpt lat="41.58746" lon="20.56393">
        <ele>1849</ele>
        <time>2025-06-13T11:46:31+00:00</time>
      </trkpt>
      <trkpt lat="41.58753" lon="20.56391">
        <ele>1849</ele>
        <time>2025-06-13T11:46:34+00:00</time>
      </trkpt>
      <trkpt lat="41.58774" lon="20.5639">
        <ele>1855</ele>
        <time>2025-06-13T11:46:37+00:00</time>
      </trkpt>
      <trkpt lat="41.5879" lon="20.56387">
        <ele>1855</ele>
        <time>2025-06-13T11:46:40+00:00</time>
      </trkpt>
      <trkpt lat="41.58811" lon="20.56387">
        <ele>1864</ele>
        <time>2025-06-13T11:46:43+00:00</time>
      </trkpt>
      <trkpt lat="41.58831" lon="20.56382">
        <ele>1865</ele>
        <time>2025-06-13T11:46:46+00:00</time>
      </trkpt>
      <trkpt lat="41.58859" lon="20.56364">
        <ele>1876</ele>
        <time>2025-06-13T11:46:49+00:00</time>
      </trkpt>
      <trkpt lat="41.58872" lon="20.56353">
        <ele>1876</ele>
        <time>2025-06-13T11:46:52+00:00</time>
      </trkpt>
      <trkpt lat="41.58882" lon="20.56331">
        <ele>1879</ele>
        <time>2025-06-13T11:46:55+00:00</time>
      </trkpt>
      <trkpt lat="41.58892" lon="20.56308">
        <ele>1878</ele>
        <time>2025-06-13T11:46:58+00:00</time>
      </trkpt>
      <trkpt lat="41.58896" lon="20.56302">
        <ele>1882</ele>
        <time>2025-06-13T11:47:01+00:00</time>
      </trkpt>
      <trkpt lat="41.58902" lon="20.56301">
        <ele>1882</ele>
        <time>2025-06-13T11:47:04+00:00</time>
      </trkpt>
      <trkpt lat="41.58916" lon="20.56303">
        <ele>1878</ele>
        <time>2025-06-13T11:47:07+00:00</time>
      </trkpt>
      <trkpt lat="41.58927" lon="20.56303">
        <ele>1878</ele>
        <time>2025-06-13T11:47:10+00:00</time>
      </trkpt>
      <trkpt lat="41.58939" lon="20.5629">
        <ele>1880</ele>
        <time>2025-06-13T11:47:13+00:00</time>
      </trkpt>
      <trkpt lat="41.58945" lon="20.56279">
        <ele>1878</ele>
        <time>2025-06-13T11:47:16+00:00</time>
      </trkpt>
      <trkpt lat="41.5895" lon="20.56265">
        <ele>1885</ele>
        <time>2025-06-13T11:47:19+00:00</time>
      </trkpt>
      <trkpt lat="41.58952" lon="20.56253">
        <ele>1885</ele>
        <time>2025-06-13T11:47:22+00:00</time>
      </trkpt>
      <trkpt lat="41.58957" lon="20.56239">
        <ele>1890</ele>
        <time>2025-06-13T11:47:25+00:00</time>
      </trkpt>
      <trkpt lat="41.58962" lon="20.56231">
        <ele>1895</ele>
        <time>2025-06-13T11:47:28+00:00</time>
      </trkpt>
      <trkpt lat="41.58984" lon="20.56221">
        <ele>1895</ele>
        <time>2025-06-13T11:47:31+00:00</time>
      </trkpt>
      <trkpt lat="41.58994" lon="20.5622">
        <ele>1895</ele>
        <time>2025-06-13T11:47:34+00:00</time>
      </trkpt>
      <trkpt lat="41.59006" lon="20.56215">
        <ele>1895</ele>
        <time>2025-06-13T11:47:37+00:00</time>
      </trkpt>
      <trkpt lat="41.59017" lon="20.56209">
        <ele>1904</ele>
        <time>2025-06-13T11:47:40+00:00</time>
      </trkpt>
      <trkpt lat="41.59031" lon="20.5622">
        <ele>1895</ele>
        <time>2025-06-13T11:47:43+00:00</time>
      </trkpt>
      <trkpt lat="41.59062" lon="20.56228">
        <ele>1897</ele>
        <time>2025-06-13T11:47:46+00:00</time>
      </trkpt>
      <trkpt lat="41.59094" lon="20.56238">
        <ele>1895</ele>
        <time>2025-06-13T11:47:49+00:00</time>
      </trkpt>
      <trkpt lat="41.59119" lon="20.56242">
        <ele>1894</ele>
        <time>2025-06-13T11:47:52+00:00</time>
      </trkpt>
      <trkpt lat="41.59149" lon="20.56248">
        <ele>1894</ele>
        <time>2025-06-13T11:47:55+00:00</time>
      </trkpt>
      <trkpt lat="41.59195" lon="20.56256">
        <ele>1893</ele>
        <time>2025-06-13T11:47:58+00:00</time>
      </trkpt>
      <trkpt lat="41.59224" lon="20.56239">
        <ele>1890</ele>
        <time>2025-06-13T11:48:01+00:00</time>
      </trkpt>
      <trkpt lat="41.59236" lon="20.56228">
        <ele>1890</ele>
        <time>2025-06-13T11:48:04+00:00</time>
      </trkpt>
      <trkpt lat="41.59244" lon="20.56228">
        <ele>1885</ele>
        <time>2025-06-13T11:48:07+00:00</time>
      </trkpt>
      <trkpt lat="41.59254" lon="20.56218">
        <ele>1885</ele>
        <time>2025-06-13T11:48:10+00:00</time>
      </trkpt>
      <trkpt lat="41.59272" lon="20.56182">
        <ele>1884</ele>
        <time>2025-06-13T11:48:13+00:00</time>
      </trkpt>
      <trkpt lat="41.59285" lon="20.56147">
        <ele>1884</ele>
        <time>2025-06-13T11:48:16+00:00</time>
      </trkpt>
      <trkpt lat="41.59301" lon="20.56127">
        <ele>1884</ele>
        <time>2025-06-13T11:48:19+00:00</time>
      </trkpt>
      <trkpt lat="41.59312" lon="20.56119">
        <ele>1882</ele>
        <time>2025-06-13T11:48:22+00:00</time>
      </trkpt>
      <trkpt lat="41.59325" lon="20.56102">
        <ele>1884</ele>
        <time>2025-06-13T11:48:25+00:00</time>
      </trkpt>
      <trkpt lat="41.59337" lon="20.56101">
        <ele>1884</ele>
        <time>2025-06-13T11:48:28+00:00</time>
      </trkpt>
      <trkpt lat="41.59343" lon="20.56097">
        <ele>1890</ele>
        <time>2025-06-13T11:48:31+00:00</time>
      </trkpt>
      <trkpt lat="41.5935" lon="20.56083">
        <ele>1890</ele>
        <time>2025-06-13T11:48:34+00:00</time>
      </trkpt>
      <trkpt lat="41.5931" lon="20.56046">
        <ele>1904</ele>
        <time>2025-06-13T11:48:37+00:00</time>
      </trkpt>
      <trkpt lat="41.59285" lon="20.56044">
        <ele>1918</ele>
        <time>2025-06-13T11:48:40+00:00</time>
      </trkpt>
      <trkpt lat="41.59259" lon="20.56043">
        <ele>1921</ele>
        <time>2025-06-13T11:48:43+00:00</time>
      </trkpt>
      <trkpt lat="41.59244" lon="20.56068">
        <ele>1925</ele>
        <time>2025-06-13T11:48:46+00:00</time>
      </trkpt>
      <trkpt lat="41.59219" lon="20.56088">
        <ele>1930</ele>
        <time>2025-06-13T11:48:49+00:00</time>
      </trkpt>
      <trkpt lat="41.59192" lon="20.56086">
        <ele>1942</ele>
        <time>2025-06-13T11:48:52+00:00</time>
      </trkpt>
      <trkpt lat="41.59162" lon="20.56083">
        <ele>1942</ele>
        <time>2025-06-13T11:48:55+00:00</time>
      </trkpt>
      <trkpt lat="41.59138" lon="20.56054">
        <ele>1956</ele>
        <time>2025-06-13T11:48:58+00:00</time>
      </trkpt>
      <trkpt lat="41.59122" lon="20.56011">
        <ele>1970</ele>
        <time>2025-06-13T11:49:01+00:00</time>
      </trkpt>
      <trkpt lat="41.59107" lon="20.55967">
        <ele>1973</ele>
        <time>2025-06-13T11:49:04+00:00</time>
      </trkpt>
      <trkpt lat="41.59096" lon="20.55936">
        <ele>1988</ele>
        <time>2025-06-13T11:49:07+00:00</time>
      </trkpt>
      <trkpt lat="41.59084" lon="20.55903">
        <ele>1989</ele>
        <time>2025-06-13T11:49:10+00:00</time>
      </trkpt>
      <trkpt lat="41.59057" lon="20.55902">
        <ele>1991</ele>
        <time>2025-06-13T11:49:13+00:00</time>
      </trkpt>
      <trkpt lat="41.59024" lon="20.559">
        <ele>2005</ele>
        <time>2025-06-13T11:49:16+00:00</time>
      </trkpt>
      <trkpt lat="41.59016" lon="20.55882">
        <ele>2010</ele>
        <time>2025-06-13T11:49:19+00:00</time>
      </trkpt>
      <trkpt lat="41.59014" lon="20.55848">
        <ele>2022</ele>
        <time>2025-06-13T11:49:22+00:00</time>
      </trkpt>
      <trkpt lat="41.59025" lon="20.55816">
        <ele>2026</ele>
        <time>2025-06-13T11:49:25+00:00</time>
      </trkpt>
      <trkpt lat="41.59062" lon="20.55779">
        <ele>2030</ele>
        <time>2025-06-13T11:49:28+00:00</time>
      </trkpt>
      <trkpt lat="41.59087" lon="20.55774">
        <ele>2034</ele>
        <time>2025-06-13T11:49:31+00:00</time>
      </trkpt>
      <trkpt lat="41.59114" lon="20.55768">
        <ele>2045</ele>
        <time>2025-06-13T11:49:34+00:00</time>
      </trkpt>
      <trkpt lat="41.59135" lon="20.55751">
        <ele>2050</ele>
        <time>2025-06-13T11:49:37+00:00</time>
      </trkpt>
      <trkpt lat="41.59163" lon="20.55745">
        <ele>2055</ele>
        <time>2025-06-13T11:49:40+00:00</time>
      </trkpt>
      <trkpt lat="41.59163" lon="20.55734">
        <ele>2073</ele>
        <time>2025-06-13T11:49:43+00:00</time>
      </trkpt>
      <trkpt lat="41.59189" lon="20.55702">
        <ele>2067</ele>
        <time>2025-06-13T11:49:46+00:00</time>
      </trkpt>
      <trkpt lat="41.59219" lon="20.55676">
        <ele>2079</ele>
        <time>2025-06-13T11:49:49+00:00</time>
      </trkpt>
      <trkpt lat="41.59246" lon="20.55675">
        <ele>2080</ele>
        <time>2025-06-13T11:49:52+00:00</time>
      </trkpt>
      <trkpt lat="41.59266" lon="20.5565">
        <ele>2080</ele>
        <time>2025-06-13T11:49:55+00:00</time>
      </trkpt>
      <trkpt lat="41.59304" lon="20.5563">
        <ele>2080</ele>
        <time>2025-06-13T11:49:58+00:00</time>
      </trkpt>
      <trkpt lat="41.59302" lon="20.55618">
        <ele>2082</ele>
        <time>2025-06-13T11:50:01+00:00</time>
      </trkpt>
      <trkpt lat="41.59288" lon="20.55608">
        <ele>2087</ele>
        <time>2025-06-13T11:50:04+00:00</time>
      </trkpt>
      <trkpt lat="41.59262" lon="20.55607">
        <ele>2095</ele>
        <time>2025-06-13T11:50:07+00:00</time>
      </trkpt>
      <trkpt lat="41.59236" lon="20.55606">
        <ele>2100</ele>
        <time>2025-06-13T11:50:10+00:00</time>
      </trkpt>
      <trkpt lat="41.5927" lon="20.55565">
        <ele>2101</ele>
        <time>2025-06-13T11:50:13+00:00</time>
      </trkpt>
      <trkpt lat="41.59241" lon="20.55571">
        <ele>2101</ele>
        <time>2025-06-13T11:50:16+00:00</time>
      </trkpt>
      <trkpt lat="41.59199" lon="20.55579">
        <ele>2101</ele>
        <time>2025-06-13T11:50:19+00:00</time>
      </trkpt>
      <trkpt lat="41.59191" lon="20.55577">
        <ele>2101</ele>
        <time>2025-06-13T11:50:22+00:00</time>
      </trkpt>
      <trkpt lat="41.59216" lon="20.55554">
        <ele>2103</ele>
        <time>2025-06-13T11:50:25+00:00</time>
      </trkpt>
      <trkpt lat="41.59236" lon="20.55534">
        <ele>2101</ele>
        <time>2025-06-13T11:50:28+00:00</time>
      </trkpt>
      <trkpt lat="41.59257" lon="20.55513">
        <ele>2105</ele>
        <time>2025-06-13T11:50:31+00:00</time>
      </trkpt>
      <trkpt lat="41.59286" lon="20.55496">
        <ele>2109</ele>
        <time>2025-06-13T11:50:34+00:00</time>
      </trkpt>
      <trkpt lat="41.5931" lon="20.55482">
        <ele>2122</ele>
        <time>2025-06-13T11:50:37+00:00</time>
      </trkpt>
      <trkpt lat="41.59337" lon="20.55466">
        <ele>2130</ele>
        <time>2025-06-13T11:50:40+00:00</time>
      </trkpt>
      <trkpt lat="41.59362" lon="20.55446">
        <ele>2147</ele>
        <time>2025-06-13T11:50:43+00:00</time>
      </trkpt>
      <trkpt lat="41.59397" lon="20.55417">
        <ele>2161</ele>
        <time>2025-06-13T11:50:46+00:00</time>
      </trkpt>
      <trkpt lat="41.59391" lon="20.554">
        <ele>2162</ele>
        <time>2025-06-13T11:50:49+00:00</time>
      </trkpt>
      <trkpt lat="41.59399" lon="20.55374">
        <ele>2162</ele>
        <time>2025-06-13T11:50:52+00:00</time>
      </trkpt>
      <trkpt lat="41.59414" lon="20.55364">
        <ele>2174</ele>
        <time>2025-06-13T11:50:55+00:00</time>
      </trkpt>
      <trkpt lat="41.59438" lon="20.55368">
        <ele>2174</ele>
        <time>2025-06-13T11:50:58+00:00</time>
      </trkpt>
      <trkpt lat="41.59478" lon="20.55375">
        <ele>2214</ele>
        <time>2025-06-13T11:51:01+00:00</time>
      </trkpt>
      <trkpt lat="41.5947" lon="20.55344">
        <ele>2218</ele>
        <time>2025-06-13T11:51:04+00:00</time>
      </trkpt>
      <trkpt lat="41.59477" lon="20.55323">
        <ele>2218</ele>
        <time>2025-06-13T11:51:07+00:00</time>
      </trkpt>
      <trkpt lat="41.59499" lon="20.55319">
        <ele>2230</ele>
        <time>2025-06-13T11:51:10+00:00</time>
      </trkpt>
      <trkpt lat="41.59528" lon="20.55313">
        <ele>2242</ele>
        <time>2025-06-13T11:51:13+00:00</time>
      </trkpt>
      <trkpt lat="41.59554" lon="20.55294">
        <ele>2255</ele>
        <time>2025-06-13T11:51:16+00:00</time>
      </trkpt>
      <trkpt lat="41.5959" lon="20.55268">
        <ele>2262</ele>
        <time>2025-06-13T11:51:19+00:00</time>
      </trkpt>
      <trkpt lat="41.59591" lon="20.55281">
        <ele>2264</ele>
        <time>2025-06-13T11:51:22+00:00</time>
      </trkpt>
      <trkpt lat="41.5961" lon="20.55264">
        <ele>2273</ele>
        <time>2025-06-13T11:51:25+00:00</time>
      </trkpt>
      <trkpt lat="41.59655" lon="20.55258">
        <ele>2282</ele>
        <time>2025-06-13T11:51:28+00:00</time>
      </trkpt>
      <trkpt lat="41.5965" lon="20.5528">
        <ele>2289</ele>
        <time>2025-06-13T11:51:31+00:00</time>
      </trkpt>
      <trkpt lat="41.59659" lon="20.55293">
        <ele>2289</ele>
        <time>2025-06-13T11:51:34+00:00</time>
      </trkpt>
      <trkpt lat="41.59677" lon="20.55286">
        <ele>2298</ele>
        <time>2025-06-13T11:51:37+00:00</time>
      </trkpt>
      <trkpt lat="41.59687" lon="20.55293">
        <ele>2298</ele>
        <time>2025-06-13T11:51:40+00:00</time>
      </trkpt>
      <trkpt lat="41.59713" lon="20.5529">
        <ele>2309</ele>
        <time>2025-06-13T11:51:43+00:00</time>
      </trkpt>
      <trkpt lat="41.59739" lon="20.55288">
        <ele>2309</ele>
        <time>2025-06-13T11:51:46+00:00</time>
      </trkpt>
      <trkpt lat="41.59755" lon="20.55321">
        <ele>2314</ele>
        <time>2025-06-13T11:51:49+00:00</time>
      </trkpt>
      <trkpt lat="41.59795" lon="20.55342">
        <ele>2316</ele>
        <time>2025-06-13T11:51:52+00:00</time>
      </trkpt>
      <trkpt lat="41.59821" lon="20.55352">
        <ele>2315</ele>
        <time>2025-06-13T11:51:55+00:00</time>
      </trkpt>
      <trkpt lat="41.59848" lon="20.55388">
        <ele>2315</ele>
        <time>2025-06-13T11:51:58+00:00</time>
      </trkpt>
      <trkpt lat="41.59886" lon="20.55418">
        <ele>2292</ele>
        <time>2025-06-13T11:52:01+00:00</time>
      </trkpt>
      <trkpt lat="41.59914" lon="20.55432">
        <ele>2282</ele>
        <time>2025-06-13T11:52:04+00:00</time>
      </trkpt>
      <trkpt lat="41.59936" lon="20.55445">
        <ele>2271</ele>
        <time>2025-06-13T11:52:07+00:00</time>
      </trkpt>
      <trkpt lat="41.59958" lon="20.55452">
        <ele>2259</ele>
        <time>2025-06-13T11:52:10+00:00</time>
      </trkpt>
      <trkpt lat="41.59976" lon="20.5546">
        <ele>2229</ele>
        <time>2025-06-13T11:52:13+00:00</time>
      </trkpt>
      <trkpt lat="41.59994" lon="20.55474">
        <ele>2238</ele>
        <time>2025-06-13T11:52:16+00:00</time>
      </trkpt>
      <trkpt lat="41.60003" lon="20.55491">
        <ele>2217</ele>
        <time>2025-06-13T11:52:19+00:00</time>
      </trkpt>
      <trkpt lat="41.60013" lon="20.55501">
        <ele>2217</ele>
        <time>2025-06-13T11:52:22+00:00</time>
      </trkpt>
      <trkpt lat="41.60035" lon="20.55519">
        <ele>2220</ele>
        <time>2025-06-13T11:52:25+00:00</time>
      </trkpt>
      <trkpt lat="41.60048" lon="20.55534">
        <ele>2216</ele>
        <time>2025-06-13T11:52:28+00:00</time>
      </trkpt>
      <trkpt lat="41.60061" lon="20.55536">
        <ele>2223</ele>
        <time>2025-06-13T11:52:31+00:00</time>
      </trkpt>
      <trkpt lat="41.60067" lon="20.55532">
        <ele>2223</ele>
        <time>2025-06-13T11:52:34+00:00</time>
      </trkpt>
      <trkpt lat="41.60082" lon="20.55525">
        <ele>2220</ele>
        <time>2025-06-13T11:52:37+00:00</time>
      </trkpt>
      <trkpt lat="41.60117" lon="20.55529">
        <ele>2218</ele>
        <time>2025-06-13T11:52:40+00:00</time>
      </trkpt>
      <trkpt lat="41.60147" lon="20.55527">
        <ele>2207</ele>
        <time>2025-06-13T11:52:43+00:00</time>
      </trkpt>
      <trkpt lat="41.60164" lon="20.55524">
        <ele>2201</ele>
        <time>2025-06-13T11:52:46+00:00</time>
      </trkpt>
      <trkpt lat="41.60176" lon="20.55512">
        <ele>2199</ele>
        <time>2025-06-13T11:52:49+00:00</time>
      </trkpt>
      <trkpt lat="41.60198" lon="20.55511">
        <ele>2196</ele>
        <time>2025-06-13T11:52:52+00:00</time>
      </trkpt>
      <trkpt lat="41.60211" lon="20.55525">
        <ele>2185</ele>
        <time>2025-06-13T11:52:55+00:00</time>
      </trkpt>
      <trkpt lat="41.60229" lon="20.55514">
        <ele>2187</ele>
        <time>2025-06-13T11:52:58+00:00</time>
      </trkpt>
      <trkpt lat="41.60231" lon="20.55538">
        <ele>2185</ele>
        <time>2025-06-13T11:53:01+00:00</time>
      </trkpt>
      <trkpt lat="41.60255" lon="20.55534">
        <ele>2184</ele>
        <time>2025-06-13T11:53:04+00:00</time>
      </trkpt>
      <trkpt lat="41.60266" lon="20.55548">
        <ele>2184</ele>
        <time>2025-06-13T11:53:07+00:00</time>
      </trkpt>
      <trkpt lat="41.60272" lon="20.55558">
        <ele>2169</ele>
        <time>2025-06-13T11:53:10+00:00</time>
      </trkpt>
      <trkpt lat="41.60287" lon="20.55556">
        <ele>2169</ele>
        <time>2025-06-13T11:53:13+00:00</time>
      </trkpt>
      <trkpt lat="41.6031" lon="20.55545">
        <ele>2169</ele>
        <time>2025-06-13T11:53:16+00:00</time>
      </trkpt>
      <trkpt lat="41.60346" lon="20.55521">
        <ele>2144</ele>
        <time>2025-06-13T11:53:19+00:00</time>
      </trkpt>
      <trkpt lat="41.60372" lon="20.55492">
        <ele>2135</ele>
        <time>2025-06-13T11:53:22+00:00</time>
      </trkpt>
      <trkpt lat="41.60395" lon="20.55458">
        <ele>2132</ele>
        <time>2025-06-13T11:53:25+00:00</time>
      </trkpt>
      <trkpt lat="41.60415" lon="20.55435">
        <ele>2130</ele>
        <time>2025-06-13T11:53:28+00:00</time>
      </trkpt>
      <trkpt lat="41.60435" lon="20.5542">
        <ele>2130</ele>
        <time>2025-06-13T11:53:31+00:00</time>
      </trkpt>
      <trkpt lat="41.60458" lon="20.55408">
        <ele>2129</ele>
        <time>2025-06-13T11:53:34+00:00</time>
      </trkpt>
      <trkpt lat="41.60473" lon="20.55398">
        <ele>2120</ele>
        <time>2025-06-13T11:53:37+00:00</time>
      </trkpt>
      <trkpt lat="41.6048" lon="20.55399">
        <ele>2125</ele>
        <time>2025-06-13T11:53:40+00:00</time>
      </trkpt>
      <trkpt lat="41.60504" lon="20.5536">
        <ele>2121</ele>
        <time>2025-06-13T11:53:43+00:00</time>
      </trkpt>
      <trkpt lat="41.60517" lon="20.55343">
        <ele>2129</ele>
        <time>2025-06-13T11:53:46+00:00</time>
      </trkpt>
      <trkpt lat="41.60525" lon="20.55322">
        <ele>2121</ele>
        <time>2025-06-13T11:53:49+00:00</time>
      </trkpt>
      <trkpt lat="41.60535" lon="20.55285">
        <ele>2117</ele>
        <time>2025-06-13T11:53:52+00:00</time>
      </trkpt>
      <trkpt lat="41.6055" lon="20.55231">
        <ele>2114</ele>
        <time>2025-06-13T11:53:55+00:00</time>
      </trkpt>
      <trkpt lat="41.60561" lon="20.55175">
        <ele>2111</ele>
        <time>2025-06-13T11:53:58+00:00</time>
      </trkpt>
      <trkpt lat="41.60572" lon="20.55153">
        <ele>2101</ele>
        <time>2025-06-13T11:54:01+00:00</time>
      </trkpt>
      <trkpt lat="41.60581" lon="20.55142">
        <ele>2101</ele>
        <time>2025-06-13T11:54:04+00:00</time>
      </trkpt>
      <trkpt lat="41.60594" lon="20.55124">
        <ele>2100</ele>
        <time>2025-06-13T11:54:07+00:00</time>
      </trkpt>
      <trkpt lat="41.60602" lon="20.55111">
        <ele>2091</ele>
        <time>2025-06-13T11:54:10+00:00</time>
      </trkpt>
      <trkpt lat="41.60618" lon="20.55072">
        <ele>2091</ele>
        <time>2025-06-13T11:54:13+00:00</time>
      </trkpt>
      <trkpt lat="41.6064" lon="20.55033">
        <ele>2090</ele>
        <time>2025-06-13T11:54:16+00:00</time>
      </trkpt>
      <trkpt lat="41.60649" lon="20.55022">
        <ele>2085</ele>
        <time>2025-06-13T11:54:19+00:00</time>
      </trkpt>
      <trkpt lat="41.60658" lon="20.55009">
        <ele>2089</ele>
        <time>2025-06-13T11:54:22+00:00</time>
      </trkpt>
      <trkpt lat="41.60676" lon="20.54991">
        <ele>2080</ele>
        <time>2025-06-13T11:54:25+00:00</time>
      </trkpt>
      <trkpt lat="41.60691" lon="20.54974">
        <ele>2070</ele>
        <time>2025-06-13T11:54:28+00:00</time>
      </trkpt>
      <trkpt lat="41.60706" lon="20.54962">
        <ele>2077</ele>
        <time>2025-06-13T11:54:31+00:00</time>
      </trkpt>
      <trkpt lat="41.60722" lon="20.54948">
        <ele>2070</ele>
        <time>2025-06-13T11:54:34+00:00</time>
      </trkpt>
      <trkpt lat="41.60737" lon="20.54934">
        <ele>2077</ele>
        <time>2025-06-13T11:54:37+00:00</time>
      </trkpt>
      <trkpt lat="41.60753" lon="20.54919">
        <ele>2077</ele>
        <time>2025-06-13T11:54:40+00:00</time>
      </trkpt>
      <trkpt lat="41.60767" lon="20.54911">
        <ele>2077</ele>
        <time>2025-06-13T11:54:43+00:00</time>
      </trkpt>
      <trkpt lat="41.60782" lon="20.54904">
        <ele>2094</ele>
        <time>2025-06-13T11:54:46+00:00</time>
      </trkpt>
      <trkpt lat="41.60809" lon="20.54906">
        <ele>2081</ele>
        <time>2025-06-13T11:54:49+00:00</time>
      </trkpt>
      <trkpt lat="41.60839" lon="20.54908">
        <ele>2086</ele>
        <time>2025-06-13T11:54:52+00:00</time>
      </trkpt>
      <trkpt lat="41.60869" lon="20.54898">
        <ele>2093</ele>
        <time>2025-06-13T11:54:55+00:00</time>
      </trkpt>
      <trkpt lat="41.60896" lon="20.54909">
        <ele>2091</ele>
        <time>2025-06-13T11:54:58+00:00</time>
      </trkpt>
      <trkpt lat="41.60929" lon="20.54922">
        <ele>2091</ele>
        <time>2025-06-13T11:55:01+00:00</time>
      </trkpt>
      <trkpt lat="41.60958" lon="20.5493">
        <ele>2091</ele>
        <time>2025-06-13T11:55:04+00:00</time>
      </trkpt>
      <trkpt lat="41.61" lon="20.54941">
        <ele>2094</ele>
        <time>2025-06-13T11:55:07+00:00</time>
      </trkpt>
      <trkpt lat="41.6103" lon="20.54936">
        <ele>2098</ele>
        <time>2025-06-13T11:55:10+00:00</time>
      </trkpt>
      <trkpt lat="41.61055" lon="20.54884">
        <ele>2098</ele>
        <time>2025-06-13T11:55:13+00:00</time>
      </trkpt>
      <trkpt lat="41.6109" lon="20.54854">
        <ele>2098</ele>
        <time>2025-06-13T11:55:16+00:00</time>
      </trkpt>
      <trkpt lat="41.61128" lon="20.54826">
        <ele>2102</ele>
        <time>2025-06-13T11:55:19+00:00</time>
      </trkpt>
      <trkpt lat="41.61138" lon="20.54812">
        <ele>2099</ele>
        <time>2025-06-13T11:55:22+00:00</time>
      </trkpt>
      <trkpt lat="41.6116" lon="20.54793">
        <ele>2103</ele>
        <time>2025-06-13T11:55:25+00:00</time>
      </trkpt>
      <trkpt lat="41.61179" lon="20.548">
        <ele>2109</ele>
        <time>2025-06-13T11:55:28+00:00</time>
      </trkpt>
      <trkpt lat="41.61194" lon="20.54802">
        <ele>2105</ele>
        <time>2025-06-13T11:55:31+00:00</time>
      </trkpt>
      <trkpt lat="41.61235" lon="20.54783">
        <ele>2103</ele>
        <time>2025-06-13T11:55:34+00:00</time>
      </trkpt>
      <trkpt lat="41.61268" lon="20.5478">
        <ele>2102</ele>
        <time>2025-06-13T11:55:37+00:00</time>
      </trkpt>
      <trkpt lat="41.61297" lon="20.54788">
        <ele>2106</ele>
        <time>2025-06-13T11:55:40+00:00</time>
      </trkpt>
      <trkpt lat="41.61305" lon="20.5478">
        <ele>2102</ele>
        <time>2025-06-13T11:55:43+00:00</time>
      </trkpt>
      <trkpt lat="41.61324" lon="20.54769">
        <ele>2111</ele>
        <time>2025-06-13T11:55:46+00:00</time>
      </trkpt>
      <trkpt lat="41.61329" lon="20.54768">
        <ele>2111</ele>
        <time>2025-06-13T11:55:49+00:00</time>
      </trkpt>
      <trkpt lat="41.61337" lon="20.54771">
        <ele>2095</ele>
        <time>2025-06-13T11:55:52+00:00</time>
      </trkpt>
      <trkpt lat="41.61348" lon="20.54766">
        <ele>2111</ele>
        <time>2025-06-13T11:55:55+00:00</time>
      </trkpt>
      <trkpt lat="41.61364" lon="20.54756">
        <ele>2108</ele>
        <time>2025-06-13T11:55:58+00:00</time>
      </trkpt>
      <trkpt lat="41.61373" lon="20.54767">
        <ele>2108</ele>
        <time>2025-06-13T11:56:01+00:00</time>
      </trkpt>
      <trkpt lat="41.61392" lon="20.54761">
        <ele>2104</ele>
        <time>2025-06-13T11:56:04+00:00</time>
      </trkpt>
      <trkpt lat="41.61403" lon="20.54762">
        <ele>2109</ele>
        <time>2025-06-13T11:56:07+00:00</time>
      </trkpt>
      <trkpt lat="41.61407" lon="20.54764">
        <ele>2104</ele>
        <time>2025-06-13T11:56:10+00:00</time>
      </trkpt>
      <trkpt lat="41.61415" lon="20.54771">
        <ele>2110</ele>
        <time>2025-06-13T11:56:13+00:00</time>
      </trkpt>
      <trkpt lat="41.61439" lon="20.54779">
        <ele>2107</ele>
        <time>2025-06-13T11:56:16+00:00</time>
      </trkpt>
      <trkpt lat="41.61448" lon="20.54784">
        <ele>2112</ele>
        <time>2025-06-13T11:56:19+00:00</time>
      </trkpt>
      <trkpt lat="41.61471" lon="20.54779">
        <ele>2108</ele>
        <time>2025-06-13T11:56:22+00:00</time>
      </trkpt>
      <trkpt lat="41.61479" lon="20.54768">
        <ele>2109</ele>
        <time>2025-06-13T11:56:25+00:00</time>
      </trkpt>
      <trkpt lat="41.61486" lon="20.5476">
        <ele>2104</ele>
        <time>2025-06-13T11:56:28+00:00</time>
      </trkpt>
      <trkpt lat="41.61492" lon="20.54752">
        <ele>2102</ele>
        <time>2025-06-13T11:56:31+00:00</time>
      </trkpt>
      <trkpt lat="41.61522" lon="20.54723">
        <ele>2100</ele>
        <time>2025-06-13T11:56:34+00:00</time>
      </trkpt>
      <trkpt lat="41.61547" lon="20.547">
        <ele>2100</ele>
        <time>2025-06-13T11:56:37+00:00</time>
      </trkpt>
      <trkpt lat="41.61559" lon="20.54685">
        <ele>2099</ele>
        <time>2025-06-13T11:56:40+00:00</time>
      </trkpt>
      <trkpt lat="41.61591" lon="20.5467">
        <ele>2095</ele>
        <time>2025-06-13T11:56:43+00:00</time>
      </trkpt>
      <trkpt lat="41.61601" lon="20.54659">
        <ele>2095</ele>
        <time>2025-06-13T11:56:46+00:00</time>
      </trkpt>
      <trkpt lat="41.61627" lon="20.54643">
        <ele>2095</ele>
        <time>2025-06-13T11:56:49+00:00</time>
      </trkpt>
      <trkpt lat="41.61644" lon="20.54647">
        <ele>2092</ele>
        <time>2025-06-13T11:56:52+00:00</time>
      </trkpt>
      <trkpt lat="41.61671" lon="20.54652">
        <ele>2095</ele>
        <time>2025-06-13T11:56:55+00:00</time>
      </trkpt>
      <trkpt lat="41.61706" lon="20.54647">
        <ele>2095</ele>
        <time>2025-06-13T11:56:58+00:00</time>
      </trkpt>
      <trkpt lat="41.61728" lon="20.54654">
        <ele>2095</ele>
        <time>2025-06-13T11:57:01+00:00</time>
      </trkpt>
      <trkpt lat="41.61749" lon="20.54666">
        <ele>2093</ele>
        <time>2025-06-13T11:57:04+00:00</time>
      </trkpt>
      <trkpt lat="41.6178" lon="20.54657">
        <ele>2091</ele>
        <time>2025-06-13T11:57:07+00:00</time>
      </trkpt>
      <trkpt lat="41.6181" lon="20.54655">
        <ele>2091</ele>
        <time>2025-06-13T11:57:10+00:00</time>
      </trkpt>
      <trkpt lat="41.61852" lon="20.5466">
        <ele>2077</ele>
        <time>2025-06-13T11:57:13+00:00</time>
      </trkpt>
      <trkpt lat="41.61875" lon="20.54665">
        <ele>2077</ele>
        <time>2025-06-13T11:57:16+00:00</time>
      </trkpt>
      <trkpt lat="41.61893" lon="20.54663">
        <ele>2076</ele>
        <time>2025-06-13T11:57:19+00:00</time>
      </trkpt>
      <trkpt lat="41.6191" lon="20.54647">
        <ele>2071</ele>
        <time>2025-06-13T11:57:22+00:00</time>
      </trkpt>
      <trkpt lat="41.61927" lon="20.54628">
        <ele>2069</ele>
        <time>2025-06-13T11:57:25+00:00</time>
      </trkpt>
      <trkpt lat="41.61941" lon="20.54608">
        <ele>2062</ele>
        <time>2025-06-13T11:57:28+00:00</time>
      </trkpt>
      <trkpt lat="41.61949" lon="20.54602">
        <ele>2062</ele>
        <time>2025-06-13T11:57:31+00:00</time>
      </trkpt>
      <trkpt lat="41.61966" lon="20.54587">
        <ele>2062</ele>
        <time>2025-06-13T11:57:34+00:00</time>
      </trkpt>
      <trkpt lat="41.61984" lon="20.54578">
        <ele>2062</ele>
        <time>2025-06-13T11:57:37+00:00</time>
      </trkpt>
      <trkpt lat="41.61998" lon="20.5457">
        <ele>2064</ele>
        <time>2025-06-13T11:57:40+00:00</time>
      </trkpt>
      <trkpt lat="41.62021" lon="20.54554">
        <ele>2065</ele>
        <time>2025-06-13T11:57:43+00:00</time>
      </trkpt>
      <trkpt lat="41.62046" lon="20.54537">
        <ele>2065</ele>
        <time>2025-06-13T11:57:46+00:00</time>
      </trkpt>
      <trkpt lat="41.62069" lon="20.54526">
        <ele>2064</ele>
        <time>2025-06-13T11:57:49+00:00</time>
      </trkpt>
      <trkpt lat="41.62095" lon="20.54509">
        <ele>2063</ele>
        <time>2025-06-13T11:57:52+00:00</time>
      </trkpt>
      <trkpt lat="41.62111" lon="20.54493">
        <ele>2064</ele>
        <time>2025-06-13T11:57:55+00:00</time>
      </trkpt>
      <trkpt lat="41.62124" lon="20.54481">
        <ele>2063</ele>
        <time>2025-06-13T11:57:58+00:00</time>
      </trkpt>
      <trkpt lat="41.62137" lon="20.54469">
        <ele>2074</ele>
        <time>2025-06-13T11:58:01+00:00</time>
      </trkpt>
      <trkpt lat="41.62152" lon="20.54462">
        <ele>2074</ele>
        <time>2025-06-13T11:58:04+00:00</time>
      </trkpt>
      <trkpt lat="41.62168" lon="20.54457">
        <ele>2070</ele>
        <time>2025-06-13T11:58:07+00:00</time>
      </trkpt>
      <trkpt lat="41.62193" lon="20.54453">
        <ele>2079</ele>
        <time>2025-06-13T11:58:10+00:00</time>
      </trkpt>
      <trkpt lat="41.62219" lon="20.54449">
        <ele>2079</ele>
        <time>2025-06-13T11:58:13+00:00</time>
      </trkpt>
      <trkpt lat="41.62252" lon="20.54445">
        <ele>2079</ele>
        <time>2025-06-13T11:58:16+00:00</time>
      </trkpt>
      <trkpt lat="41.62277" lon="20.54432">
        <ele>2080</ele>
        <time>2025-06-13T11:58:19+00:00</time>
      </trkpt>
      <trkpt lat="41.62294" lon="20.54416">
        <ele>2080</ele>
        <time>2025-06-13T11:58:22+00:00</time>
      </trkpt>
      <trkpt lat="41.62317" lon="20.54404">
        <ele>2079</ele>
        <time>2025-06-13T11:58:25+00:00</time>
      </trkpt>
      <trkpt lat="41.62356" lon="20.54392">
        <ele>2080</ele>
        <time>2025-06-13T11:58:28+00:00</time>
      </trkpt>
      <trkpt lat="41.6237" lon="20.54383">
        <ele>2078</ele>
        <time>2025-06-13T11:58:31+00:00</time>
      </trkpt>
      <trkpt lat="41.62378" lon="20.54357">
        <ele>2075</ele>
        <time>2025-06-13T11:58:34+00:00</time>
      </trkpt>
      <trkpt lat="41.62388" lon="20.54326">
        <ele>2071</ele>
        <time>2025-06-13T11:58:37+00:00</time>
      </trkpt>
      <trkpt lat="41.62401" lon="20.5429">
        <ele>2070</ele>
        <time>2025-06-13T11:58:40+00:00</time>
      </trkpt>
      <trkpt lat="41.62425" lon="20.54274">
        <ele>2061</ele>
        <time>2025-06-13T11:58:43+00:00</time>
      </trkpt>
      <trkpt lat="41.62452" lon="20.54256">
        <ele>2061</ele>
        <time>2025-06-13T11:58:46+00:00</time>
      </trkpt>
      <trkpt lat="41.62476" lon="20.54223">
        <ele>2056</ele>
        <time>2025-06-13T11:58:49+00:00</time>
      </trkpt>
      <trkpt lat="41.62511" lon="20.54183">
        <ele>2053</ele>
        <time>2025-06-13T11:58:52+00:00</time>
      </trkpt>
      <trkpt lat="41.62551" lon="20.54148">
        <ele>2052</ele>
        <time>2025-06-13T11:58:55+00:00</time>
      </trkpt>
      <trkpt lat="41.62561" lon="20.54109">
        <ele>2055</ele>
        <time>2025-06-13T11:58:58+00:00</time>
      </trkpt>
      <trkpt lat="41.62567" lon="20.54068">
        <ele>2053</ele>
        <time>2025-06-13T11:59:01+00:00</time>
      </trkpt>
      <trkpt lat="41.62596" lon="20.54028">
        <ele>2052</ele>
        <time>2025-06-13T11:59:04+00:00</time>
      </trkpt>
      <trkpt lat="41.62621" lon="20.54012">
        <ele>2049</ele>
        <time>2025-06-13T11:59:07+00:00</time>
      </trkpt>
      <trkpt lat="41.62654" lon="20.53985">
        <ele>2049</ele>
        <time>2025-06-13T11:59:10+00:00</time>
      </trkpt>
      <trkpt lat="41.62681" lon="20.53966">
        <ele>2039</ele>
        <time>2025-06-13T11:59:13+00:00</time>
      </trkpt>
      <trkpt lat="41.62707" lon="20.53951">
        <ele>2031</ele>
        <time>2025-06-13T11:59:16+00:00</time>
      </trkpt>
      <trkpt lat="41.62746" lon="20.53927">
        <ele>2025</ele>
        <time>2025-06-13T11:59:19+00:00</time>
      </trkpt>
      <trkpt lat="41.62764" lon="20.53912">
        <ele>2025</ele>
        <time>2025-06-13T11:59:22+00:00</time>
      </trkpt>
      <trkpt lat="41.62778" lon="20.53907">
        <ele>2021</ele>
        <time>2025-06-13T11:59:25+00:00</time>
      </trkpt>
      <trkpt lat="41.62794" lon="20.53895">
        <ele>2021</ele>
        <time>2025-06-13T11:59:28+00:00</time>
      </trkpt>
      <trkpt lat="41.62811" lon="20.53883">
        <ele>2016</ele>
        <time>2025-06-13T11:59:31+00:00</time>
      </trkpt>
      <trkpt lat="41.62832" lon="20.53862">
        <ele>2022</ele>
        <time>2025-06-13T11:59:34+00:00</time>
      </trkpt>
      <trkpt lat="41.62854" lon="20.5384">
        <ele>2021</ele>
        <time>2025-06-13T11:59:37+00:00</time>
      </trkpt>
      <trkpt lat="41.62869" lon="20.53829">
        <ele>2023</ele>
        <time>2025-06-13T11:59:40+00:00</time>
      </trkpt>
      <trkpt lat="41.62881" lon="20.53812">
        <ele>2021</ele>
        <time>2025-06-13T11:59:43+00:00</time>
      </trkpt>
      <trkpt lat="41.62894" lon="20.53794">
        <ele>2025</ele>
        <time>2025-06-13T11:59:46+00:00</time>
      </trkpt>
      <trkpt lat="41.62911" lon="20.53791">
        <ele>2019</ele>
        <time>2025-06-13T11:59:49+00:00</time>
      </trkpt>
      <trkpt lat="41.6293" lon="20.53787">
        <ele>2019</ele>
        <time>2025-06-13T11:59:52+00:00</time>
      </trkpt>
      <trkpt lat="41.62953" lon="20.53769">
        <ele>2017</ele>
        <time>2025-06-13T11:59:55+00:00</time>
      </trkpt>
      <trkpt lat="41.6298" lon="20.53748">
        <ele>2021</ele>
        <time>2025-06-13T11:59:58+00:00</time>
      </trkpt>
      <trkpt lat="41.63014" lon="20.53714">
        <ele>2026</ele>
        <time>2025-06-13T12:00:01+00:00</time>
      </trkpt>
      <trkpt lat="41.63047" lon="20.53675">
        <ele>2030</ele>
        <time>2025-06-13T12:00:04+00:00</time>
      </trkpt>
      <trkpt lat="41.63081" lon="20.53638">
        <ele>2025</ele>
        <time>2025-06-13T12:00:07+00:00</time>
      </trkpt>
      <trkpt lat="41.63112" lon="20.53601">
        <ele>2025</ele>
        <time>2025-06-13T12:00:10+00:00</time>
      </trkpt>
      <trkpt lat="41.63127" lon="20.53571">
        <ele>2025</ele>
        <time>2025-06-13T12:00:13+00:00</time>
      </trkpt>
      <trkpt lat="41.63145" lon="20.53536">
        <ele>2024</ele>
        <time>2025-06-13T12:00:16+00:00</time>
      </trkpt>
      <trkpt lat="41.63154" lon="20.53526">
        <ele>2023</ele>
        <time>2025-06-13T12:00:19+00:00</time>
      </trkpt>
      <trkpt lat="41.63168" lon="20.53498">
        <ele>2024</ele>
        <time>2025-06-13T12:00:22+00:00</time>
      </trkpt>
      <trkpt lat="41.63175" lon="20.53491">
        <ele>2024</ele>
        <time>2025-06-13T12:00:25+00:00</time>
      </trkpt>
      <trkpt lat="41.6318" lon="20.53492">
        <ele>2024</ele>
        <time>2025-06-13T12:00:28+00:00</time>
      </trkpt>
      <trkpt lat="41.63188" lon="20.53497">
        <ele>2024</ele>
        <time>2025-06-13T12:00:31+00:00</time>
      </trkpt>
      <trkpt lat="41.63195" lon="20.535">
        <ele>2019</ele>
        <time>2025-06-13T12:00:34+00:00</time>
      </trkpt>
      <trkpt lat="41.63206" lon="20.53507">
        <ele>2019</ele>
        <time>2025-06-13T12:00:37+00:00</time>
      </trkpt>
      <trkpt lat="41.63212" lon="20.53532">
        <ele>2006</ele>
        <time>2025-06-13T12:00:40+00:00</time>
      </trkpt>
      <trkpt lat="41.63219" lon="20.53564">
        <ele>2003</ele>
        <time>2025-06-13T12:00:43+00:00</time>
      </trkpt>
      <trkpt lat="41.63228" lon="20.53614">
        <ele>2001</ele>
        <time>2025-06-13T12:00:46+00:00</time>
      </trkpt>
      <trkpt lat="41.63255" lon="20.53629">
        <ele>1989</ele>
        <time>2025-06-13T12:00:49+00:00</time>
      </trkpt>
      <trkpt lat="41.63262" lon="20.53653">
        <ele>1980</ele>
        <time>2025-06-13T12:00:52+00:00</time>
      </trkpt>
      <trkpt lat="41.63278" lon="20.53652">
        <ele>1972</ele>
        <time>2025-06-13T12:00:55+00:00</time>
      </trkpt>
      <trkpt lat="41.63294" lon="20.5365">
        <ele>1972</ele>
        <time>2025-06-13T12:00:58+00:00</time>
      </trkpt>
      <trkpt lat="41.63317" lon="20.53655">
        <ele>1966</ele>
        <time>2025-06-13T12:01:01+00:00</time>
      </trkpt>
      <trkpt lat="41.63342" lon="20.53674">
        <ele>1962</ele>
        <time>2025-06-13T12:01:04+00:00</time>
      </trkpt>
      <trkpt lat="41.63376" lon="20.53699">
        <ele>1958</ele>
        <time>2025-06-13T12:01:07+00:00</time>
      </trkpt>
      <trkpt lat="41.63387" lon="20.53719">
        <ele>1953</ele>
        <time>2025-06-13T12:01:10+00:00</time>
      </trkpt>
      <trkpt lat="41.63407" lon="20.53747">
        <ele>1948</ele>
        <time>2025-06-13T12:01:13+00:00</time>
      </trkpt>
      <trkpt lat="41.63426" lon="20.53779">
        <ele>1935</ele>
        <time>2025-06-13T12:01:16+00:00</time>
      </trkpt>
      <trkpt lat="41.63441" lon="20.53796">
        <ele>1928</ele>
        <time>2025-06-13T12:01:19+00:00</time>
      </trkpt>
      <trkpt lat="41.63467" lon="20.53785">
        <ele>1920</ele>
        <time>2025-06-13T12:01:22+00:00</time>
      </trkpt>
      <trkpt lat="41.63487" lon="20.53795">
        <ele>1920</ele>
        <time>2025-06-13T12:01:25+00:00</time>
      </trkpt>
      <trkpt lat="41.63491" lon="20.53808">
        <ele>1914</ele>
        <time>2025-06-13T12:01:28+00:00</time>
      </trkpt>
      <trkpt lat="41.63488" lon="20.53822">
        <ele>1911</ele>
        <time>2025-06-13T12:01:31+00:00</time>
      </trkpt>
      <trkpt lat="41.63495" lon="20.53825">
        <ele>1910</ele>
        <time>2025-06-13T12:01:34+00:00</time>
      </trkpt>
      <trkpt lat="41.63507" lon="20.53841">
        <ele>1910</ele>
        <time>2025-06-13T12:01:37+00:00</time>
      </trkpt>
      <trkpt lat="41.63526" lon="20.5387">
        <ele>1900</ele>
        <time>2025-06-13T12:01:40+00:00</time>
      </trkpt>
      <trkpt lat="41.63541" lon="20.539">
        <ele>1892</ele>
        <time>2025-06-13T12:01:43+00:00</time>
      </trkpt>
      <trkpt lat="41.63562" lon="20.53924">
        <ele>1886</ele>
        <time>2025-06-13T12:01:46+00:00</time>
      </trkpt>
      <trkpt lat="41.63562" lon="20.53936">
        <ele>1886</ele>
        <time>2025-06-13T12:01:49+00:00</time>
      </trkpt>
      <trkpt lat="41.63571" lon="20.53959">
        <ele>1881</ele>
        <time>2025-06-13T12:01:52+00:00</time>
      </trkpt>
      <trkpt lat="41.63557" lon="20.54014">
        <ele>1877</ele>
        <time>2025-06-13T12:01:55+00:00</time>
      </trkpt>
      <trkpt lat="41.6357" lon="20.5406">
        <ele>1864</ele>
        <time>2025-06-13T12:01:58+00:00</time>
      </trkpt>
      <trkpt lat="41.63576" lon="20.54115">
        <ele>1852</ele>
        <time>2025-06-13T12:02:01+00:00</time>
      </trkpt>
      <trkpt lat="41.63583" lon="20.54152">
        <ele>1850</ele>
        <time>2025-06-13T12:02:04+00:00</time>
      </trkpt>
      <trkpt lat="41.63592" lon="20.54203">
        <ele>1846</ele>
        <time>2025-06-13T12:02:07+00:00</time>
      </trkpt>
      <trkpt lat="41.63601" lon="20.5425">
        <ele>1840</ele>
        <time>2025-06-13T12:02:10+00:00</time>
      </trkpt>
      <trkpt lat="41.63611" lon="20.54296">
        <ele>1836</ele>
        <time>2025-06-13T12:02:13+00:00</time>
      </trkpt>
      <trkpt lat="41.63618" lon="20.5433">
        <ele>1828</ele>
        <time>2025-06-13T12:02:16+00:00</time>
      </trkpt>
      <trkpt lat="41.63625" lon="20.54367">
        <ele>1827</ele>
        <time>2025-06-13T12:02:19+00:00</time>
      </trkpt>
      <trkpt lat="41.63635" lon="20.54401">
        <ele>1827</ele>
        <time>2025-06-13T12:02:22+00:00</time>
      </trkpt>
      <trkpt lat="41.63648" lon="20.54443">
        <ele>1820</ele>
        <time>2025-06-13T12:02:25+00:00</time>
      </trkpt>
      <trkpt lat="41.6364" lon="20.54483">
        <ele>1814</ele>
        <time>2025-06-13T12:02:28+00:00</time>
      </trkpt>
      <trkpt lat="41.63627" lon="20.54545">
        <ele>1804</ele>
        <time>2025-06-13T12:02:31+00:00</time>
      </trkpt>
      <trkpt lat="41.6362" lon="20.54557">
        <ele>1798</ele>
        <time>2025-06-13T12:02:34+00:00</time>
      </trkpt>
      <trkpt lat="41.63618" lon="20.54572">
        <ele>1790</ele>
        <time>2025-06-13T12:02:37+00:00</time>
      </trkpt>
      <trkpt lat="41.63626" lon="20.546">
        <ele>1786</ele>
        <time>2025-06-13T12:02:40+00:00</time>
      </trkpt>
      <trkpt lat="41.63605" lon="20.54633">
        <ele>1785</ele>
        <time>2025-06-13T12:02:43+00:00</time>
      </trkpt>
      <trkpt lat="41.63591" lon="20.5466">
        <ele>1785</ele>
        <time>2025-06-13T12:02:46+00:00</time>
      </trkpt>
      <trkpt lat="41.63575" lon="20.54693">
        <ele>1784</ele>
        <time>2025-06-13T12:02:49+00:00</time>
      </trkpt>
      <trkpt lat="41.63585" lon="20.54714">
        <ele>1782</ele>
        <time>2025-06-13T12:02:52+00:00</time>
      </trkpt>
      <trkpt lat="41.636" lon="20.54727">
        <ele>1782</ele>
        <time>2025-06-13T12:02:55+00:00</time>
      </trkpt>
      <trkpt lat="41.63611" lon="20.54741">
        <ele>1764</ele>
        <time>2025-06-13T12:02:58+00:00</time>
      </trkpt>
      <trkpt lat="41.63617" lon="20.54774">
        <ele>1759</ele>
        <time>2025-06-13T12:03:01+00:00</time>
      </trkpt>
      <trkpt lat="41.63611" lon="20.54816">
        <ele>1753</ele>
        <time>2025-06-13T12:03:04+00:00</time>
      </trkpt>
      <trkpt lat="41.63605" lon="20.54834">
        <ele>1743</ele>
        <time>2025-06-13T12:03:07+00:00</time>
      </trkpt>
      <trkpt lat="41.63608" lon="20.54878">
        <ele>1735</ele>
        <time>2025-06-13T12:03:10+00:00</time>
      </trkpt>
      <trkpt lat="41.63598" lon="20.54929">
        <ele>1716</ele>
        <time>2025-06-13T12:03:13+00:00</time>
      </trkpt>
      <trkpt lat="41.63607" lon="20.54985">
        <ele>1701</ele>
        <time>2025-06-13T12:03:16+00:00</time>
      </trkpt>
      <trkpt lat="41.63615" lon="20.5502">
        <ele>1692</ele>
        <time>2025-06-13T12:03:19+00:00</time>
      </trkpt>
      <trkpt lat="41.63618" lon="20.55058">
        <ele>1682</ele>
        <time>2025-06-13T12:03:22+00:00</time>
      </trkpt>
      <trkpt lat="41.63622" lon="20.55106">
        <ele>1671</ele>
        <time>2025-06-13T12:03:25+00:00</time>
      </trkpt>
      <trkpt lat="41.63606" lon="20.55167">
        <ele>1665</ele>
        <time>2025-06-13T12:03:28+00:00</time>
      </trkpt>
      <trkpt lat="41.636" lon="20.55208">
        <ele>1661</ele>
        <time>2025-06-13T12:03:31+00:00</time>
      </trkpt>
      <trkpt lat="41.63591" lon="20.55273">
        <ele>1654</ele>
        <time>2025-06-13T12:03:34+00:00</time>
      </trkpt>
      <trkpt lat="41.63581" lon="20.55308">
        <ele>1650</ele>
        <time>2025-06-13T12:03:37+00:00</time>
      </trkpt>
      <trkpt lat="41.63568" lon="20.55353">
        <ele>1646</ele>
        <time>2025-06-13T12:03:40+00:00</time>
      </trkpt>
      <trkpt lat="41.63555" lon="20.55385">
        <ele>1632</ele>
        <time>2025-06-13T12:03:43+00:00</time>
      </trkpt>
      <trkpt lat="41.63539" lon="20.55425">
        <ele>1630</ele>
        <time>2025-06-13T12:03:46+00:00</time>
      </trkpt>
      <trkpt lat="41.63524" lon="20.55459">
        <ele>1624</ele>
        <time>2025-06-13T12:03:49+00:00</time>
      </trkpt>
      <trkpt lat="41.63502" lon="20.55509">
        <ele>1621</ele>
        <time>2025-06-13T12:03:52+00:00</time>
      </trkpt>
      <trkpt lat="41.63479" lon="20.55536">
        <ele>1619</ele>
        <time>2025-06-13T12:03:55+00:00</time>
      </trkpt>
      <trkpt lat="41.63445" lon="20.55577">
        <ele>1620</ele>
        <time>2025-06-13T12:03:58+00:00</time>
      </trkpt>
      <trkpt lat="41.63436" lon="20.55582">
        <ele>1621</ele>
        <time>2025-06-13T12:04:01+00:00</time>
      </trkpt>
      <trkpt lat="41.63428" lon="20.55605">
        <ele>1616</ele>
        <time>2025-06-13T12:04:04+00:00</time>
      </trkpt>
      <trkpt lat="41.63417" lon="20.55621">
        <ele>1621</ele>
        <time>2025-06-13T12:04:07+00:00</time>
      </trkpt>
      <trkpt lat="41.63415" lon="20.55664">
        <ele>1613</ele>
        <time>2025-06-13T12:04:10+00:00</time>
      </trkpt>
      <trkpt lat="41.63405" lon="20.55701">
        <ele>1611</ele>
        <time>2025-06-13T12:04:13+00:00</time>
      </trkpt>
      <trkpt lat="41.63405" lon="20.5572">
        <ele>1609</ele>
        <time>2025-06-13T12:04:16+00:00</time>
      </trkpt>
      <trkpt lat="41.63402" lon="20.5573">
        <ele>1612</ele>
        <time>2025-06-13T12:04:19+00:00</time>
      </trkpt>
      <trkpt lat="41.63394" lon="20.55795">
        <ele>1613</ele>
        <time>2025-06-13T12:04:22+00:00</time>
      </trkpt>
      <trkpt lat="41.63414" lon="20.55819">
        <ele>1623</ele>
        <time>2025-06-13T12:04:25+00:00</time>
      </trkpt>
      <trkpt lat="41.63437" lon="20.55846">
        <ele>1623</ele>
        <time>2025-06-13T12:04:28+00:00</time>
      </trkpt>
      <trkpt lat="41.63443" lon="20.55893">
        <ele>1619</ele>
        <time>2025-06-13T12:04:31+00:00</time>
      </trkpt>
      <trkpt lat="41.6345" lon="20.5594">
        <ele>1616</ele>
        <time>2025-06-13T12:04:34+00:00</time>
      </trkpt>
      <trkpt lat="41.63454" lon="20.55973">
        <ele>1603</ele>
        <time>2025-06-13T12:04:37+00:00</time>
      </trkpt>
      <trkpt lat="41.63459" lon="20.56007">
        <ele>1600</ele>
        <time>2025-06-13T12:04:40+00:00</time>
      </trkpt>
      <trkpt lat="41.63451" lon="20.56054">
        <ele>1594</ele>
        <time>2025-06-13T12:04:43+00:00</time>
      </trkpt>
      <trkpt lat="41.63448" lon="20.56096">
        <ele>1590</ele>
        <time>2025-06-13T12:04:46+00:00</time>
      </trkpt>
      <trkpt lat="41.63452" lon="20.56136">
        <ele>1578</ele>
        <time>2025-06-13T12:04:49+00:00</time>
      </trkpt>
      <trkpt lat="41.63459" lon="20.56195">
        <ele>1577</ele>
        <time>2025-06-13T12:04:52+00:00</time>
      </trkpt>
      <trkpt lat="41.63462" lon="20.56216">
        <ele>1577</ele>
        <time>2025-06-13T12:04:55+00:00</time>
      </trkpt>
      <trkpt lat="41.63486" lon="20.56211">
        <ele>1577</ele>
        <time>2025-06-13T12:04:58+00:00</time>
      </trkpt>
      <trkpt lat="41.63497" lon="20.56207">
        <ele>1581</ele>
        <time>2025-06-13T12:05:01+00:00</time>
      </trkpt>
      <trkpt lat="41.63522" lon="20.56211">
        <ele>1577</ele>
        <time>2025-06-13T12:05:04+00:00</time>
      </trkpt>
      <trkpt lat="41.63546" lon="20.56205">
        <ele>1577</ele>
        <time>2025-06-13T12:05:07+00:00</time>
      </trkpt>
      <trkpt lat="41.63564" lon="20.56205">
        <ele>1573</ele>
        <time>2025-06-13T12:05:10+00:00</time>
      </trkpt>
      <trkpt lat="41.63559" lon="20.56214">
        <ele>1577</ele>
        <time>2025-06-13T12:05:13+00:00</time>
      </trkpt>
      <trkpt lat="41.63544" lon="20.56219">
        <ele>1579</ele>
        <time>2025-06-13T12:05:16+00:00</time>
      </trkpt>
      <trkpt lat="41.63523" lon="20.56223">
        <ele>1579</ele>
        <time>2025-06-13T12:05:19+00:00</time>
      </trkpt>
      <trkpt lat="41.63496" lon="20.56228">
        <ele>1578</ele>
        <time>2025-06-13T12:05:22+00:00</time>
      </trkpt>
      <trkpt lat="41.6346" lon="20.56229">
        <ele>1577</ele>
        <time>2025-06-13T12:05:25+00:00</time>
      </trkpt>
      <trkpt lat="41.63448" lon="20.56235">
        <ele>1563</ele>
        <time>2025-06-13T12:05:28+00:00</time>
      </trkpt>
      <trkpt lat="41.63437" lon="20.56229">
        <ele>1554</ele>
        <time>2025-06-13T12:05:31+00:00</time>
      </trkpt>
      <trkpt lat="41.6343" lon="20.56234">
        <ele>1554</ele>
        <time>2025-06-13T12:05:34+00:00</time>
      </trkpt>
      <trkpt lat="41.63398" lon="20.56226">
        <ele>1551</ele>
        <time>2025-06-13T12:05:37+00:00</time>
      </trkpt>
      <trkpt lat="41.63376" lon="20.56216">
        <ele>1551</ele>
        <time>2025-06-13T12:05:40+00:00</time>
      </trkpt>
      <trkpt lat="41.63345" lon="20.56238">
        <ele>1546</ele>
        <time>2025-06-13T12:05:43+00:00</time>
      </trkpt>
      <trkpt lat="41.63329" lon="20.56248">
        <ele>1541</ele>
        <time>2025-06-13T12:05:46+00:00</time>
      </trkpt>
      <trkpt lat="41.63322" lon="20.56257">
        <ele>1541</ele>
        <time>2025-06-13T12:05:49+00:00</time>
      </trkpt>
      <trkpt lat="41.63345" lon="20.56277">
        <ele>1534</ele>
        <time>2025-06-13T12:05:52+00:00</time>
      </trkpt>
      <trkpt lat="41.63354" lon="20.56292">
        <ele>1536</ele>
        <time>2025-06-13T12:05:55+00:00</time>
      </trkpt>
      <trkpt lat="41.63362" lon="20.56301">
        <ele>1528</ele>
        <time>2025-06-13T12:05:58+00:00</time>
      </trkpt>
      <trkpt lat="41.6336" lon="20.56318">
        <ele>1528</ele>
        <time>2025-06-13T12:06:01+00:00</time>
      </trkpt>
      <trkpt lat="41.63355" lon="20.56325">
        <ele>1525</ele>
        <time>2025-06-13T12:06:04+00:00</time>
      </trkpt>
      <trkpt lat="41.63352" lon="20.5636">
        <ele>1523</ele>
        <time>2025-06-13T12:06:07+00:00</time>
      </trkpt>
      <trkpt lat="41.63341" lon="20.56362">
        <ele>1517</ele>
        <time>2025-06-13T12:06:10+00:00</time>
      </trkpt>
      <trkpt lat="41.63331" lon="20.56378">
        <ele>1517</ele>
        <time>2025-06-13T12:06:13+00:00</time>
      </trkpt>
      <trkpt lat="41.63303" lon="20.56404">
        <ele>1500</ele>
        <time>2025-06-13T12:06:16+00:00</time>
      </trkpt>
      <trkpt lat="41.63294" lon="20.56407">
        <ele>1497</ele>
        <time>2025-06-13T12:06:19+00:00</time>
      </trkpt>
      <trkpt lat="41.63284" lon="20.56416">
        <ele>1494</ele>
        <time>2025-06-13T12:06:22+00:00</time>
      </trkpt>
      <trkpt lat="41.63254" lon="20.56452">
        <ele>1488</ele>
        <time>2025-06-13T12:06:25+00:00</time>
      </trkpt>
      <trkpt lat="41.63252" lon="20.56465">
        <ele>1488</ele>
        <time>2025-06-13T12:06:28+00:00</time>
      </trkpt>
      <trkpt lat="41.63244" lon="20.5648">
        <ele>1488</ele>
        <time>2025-06-13T12:06:31+00:00</time>
      </trkpt>
      <trkpt lat="41.63241" lon="20.56508">
        <ele>1486</ele>
        <time>2025-06-13T12:06:34+00:00</time>
      </trkpt>
      <trkpt lat="41.63229" lon="20.56547">
        <ele>1473</ele>
        <time>2025-06-13T12:06:37+00:00</time>
      </trkpt>
      <trkpt lat="41.63229" lon="20.56596">
        <ele>1466</ele>
        <time>2025-06-13T12:06:40+00:00</time>
      </trkpt>
      <trkpt lat="41.63214" lon="20.56625">
        <ele>1465</ele>
        <time>2025-06-13T12:06:43+00:00</time>
      </trkpt>
      <trkpt lat="41.63197" lon="20.56656">
        <ele>1452</ele>
        <time>2025-06-13T12:06:46+00:00</time>
      </trkpt>
      <trkpt lat="41.63179" lon="20.56677">
        <ele>1450</ele>
        <time>2025-06-13T12:06:49+00:00</time>
      </trkpt>
      <trkpt lat="41.63139" lon="20.56678">
        <ele>1454</ele>
        <time>2025-06-13T12:06:52+00:00</time>
      </trkpt>
      <trkpt lat="41.63129" lon="20.56693">
        <ele>1453</ele>
        <time>2025-06-13T12:06:55+00:00</time>
      </trkpt>
      <trkpt lat="41.63117" lon="20.56735">
        <ele>1458</ele>
        <time>2025-06-13T12:06:58+00:00</time>
      </trkpt>
      <trkpt lat="41.63112" lon="20.56745">
        <ele>1462</ele>
        <time>2025-06-13T12:07:01+00:00</time>
      </trkpt>
      <trkpt lat="41.63109" lon="20.56774">
        <ele>1451</ele>
        <time>2025-06-13T12:07:04+00:00</time>
      </trkpt>
      <trkpt lat="41.63093" lon="20.56822">
        <ele>1445</ele>
        <time>2025-06-13T12:07:07+00:00</time>
      </trkpt>
      <trkpt lat="41.63094" lon="20.56851">
        <ele>1443</ele>
        <time>2025-06-13T12:07:10+00:00</time>
      </trkpt>
      <trkpt lat="41.63087" lon="20.56883">
        <ele>1441</ele>
        <time>2025-06-13T12:07:13+00:00</time>
      </trkpt>
      <trkpt lat="41.6308" lon="20.56916">
        <ele>1439</ele>
        <time>2025-06-13T12:07:16+00:00</time>
      </trkpt>
      <trkpt lat="41.63073" lon="20.56922">
        <ele>1439</ele>
        <time>2025-06-13T12:07:19+00:00</time>
      </trkpt>
      <trkpt lat="41.63065" lon="20.56956">
        <ele>1429</ele>
        <time>2025-06-13T12:07:22+00:00</time>
      </trkpt>
      <trkpt lat="41.63054" lon="20.57007">
        <ele>1425</ele>
        <time>2025-06-13T12:07:25+00:00</time>
      </trkpt>
      <trkpt lat="41.6306" lon="20.57029">
        <ele>1427</ele>
        <time>2025-06-13T12:07:28+00:00</time>
      </trkpt>
      <trkpt lat="41.6305" lon="20.57049">
        <ele>1419</ele>
        <time>2025-06-13T12:07:31+00:00</time>
      </trkpt>
      <trkpt lat="41.63044" lon="20.57082">
        <ele>1419</ele>
        <time>2025-06-13T12:07:34+00:00</time>
      </trkpt>
      <trkpt lat="41.63045" lon="20.57104">
        <ele>1419</ele>
        <time>2025-06-13T12:07:37+00:00</time>
      </trkpt>
      <trkpt lat="41.63035" lon="20.57132">
        <ele>1419</ele>
        <time>2025-06-13T12:07:40+00:00</time>
      </trkpt>
      <trkpt lat="41.6302" lon="20.57172">
        <ele>1419</ele>
        <time>2025-06-13T12:07:43+00:00</time>
      </trkpt>
      <trkpt lat="41.63024" lon="20.57218">
        <ele>1410</ele>
        <time>2025-06-13T12:07:46+00:00</time>
      </trkpt>
      <trkpt lat="41.63019" lon="20.57241">
        <ele>1397</ele>
        <time>2025-06-13T12:07:49+00:00</time>
      </trkpt>
      <trkpt lat="41.63001" lon="20.57259">
        <ele>1397</ele>
        <time>2025-06-13T12:07:52+00:00</time>
      </trkpt>
      <trkpt lat="41.62995" lon="20.57297">
        <ele>1394</ele>
        <time>2025-06-13T12:07:55+00:00</time>
      </trkpt>
      <trkpt lat="41.62986" lon="20.5735">
        <ele>1385</ele>
        <time>2025-06-13T12:07:58+00:00</time>
      </trkpt>
      <trkpt lat="41.62966" lon="20.57378">
        <ele>1385</ele>
        <time>2025-06-13T12:08:01+00:00</time>
      </trkpt>
      <trkpt lat="41.6294" lon="20.57415">
        <ele>1385</ele>
        <time>2025-06-13T12:08:04+00:00</time>
      </trkpt>
      <trkpt lat="41.62954" lon="20.57431">
        <ele>1385</ele>
        <time>2025-06-13T12:08:07+00:00</time>
      </trkpt>
      <trkpt lat="41.62937" lon="20.57436">
        <ele>1386</ele>
        <time>2025-06-13T12:08:10+00:00</time>
      </trkpt>
      <trkpt lat="41.62941" lon="20.57468">
        <ele>1378</ele>
        <time>2025-06-13T12:08:13+00:00</time>
      </trkpt>
      <trkpt lat="41.62928" lon="20.57498">
        <ele>1371</ele>
        <time>2025-06-13T12:08:16+00:00</time>
      </trkpt>
      <trkpt lat="41.62915" lon="20.5753">
        <ele>1369</ele>
        <time>2025-06-13T12:08:19+00:00</time>
      </trkpt>
      <trkpt lat="41.62916" lon="20.57548">
        <ele>1369</ele>
        <time>2025-06-13T12:08:22+00:00</time>
      </trkpt>
      <trkpt lat="41.62924" lon="20.57574">
        <ele>1367</ele>
        <time>2025-06-13T12:08:25+00:00</time>
      </trkpt>
      <trkpt lat="41.62924" lon="20.57595">
        <ele>1367</ele>
        <time>2025-06-13T12:08:28+00:00</time>
      </trkpt>
      <trkpt lat="41.62912" lon="20.57619">
        <ele>1364</ele>
        <time>2025-06-13T12:08:31+00:00</time>
      </trkpt>
      <trkpt lat="41.62896" lon="20.57629">
        <ele>1359</ele>
        <time>2025-06-13T12:08:34+00:00</time>
      </trkpt>
      <trkpt lat="41.62882" lon="20.57622">
        <ele>1359</ele>
        <time>2025-06-13T12:08:37+00:00</time>
      </trkpt>
      <trkpt lat="41.62867" lon="20.57584">
        <ele>1355</ele>
        <time>2025-06-13T12:08:40+00:00</time>
      </trkpt>
      <trkpt lat="41.62834" lon="20.57606">
        <ele>1336</ele>
        <time>2025-06-13T12:08:43+00:00</time>
      </trkpt>
      <trkpt lat="41.62813" lon="20.5763">
        <ele>1325</ele>
        <time>2025-06-13T12:08:46+00:00</time>
      </trkpt>
      <trkpt lat="41.62818" lon="20.57577">
        <ele>1325</ele>
        <time>2025-06-13T12:08:49+00:00</time>
      </trkpt>
      <trkpt lat="41.62799" lon="20.57529">
        <ele>1311</ele>
        <time>2025-06-13T12:08:52+00:00</time>
      </trkpt>
      <trkpt lat="41.62758" lon="20.57501">
        <ele>1306</ele>
        <time>2025-06-13T12:08:55+00:00</time>
      </trkpt>
      <trkpt lat="41.62742" lon="20.57458">
        <ele>1302</ele>
        <time>2025-06-13T12:08:58+00:00</time>
      </trkpt>
      <trkpt lat="41.62719" lon="20.5742">
        <ele>1290</ele>
        <time>2025-06-13T12:09:01+00:00</time>
      </trkpt>
      <trkpt lat="41.62695" lon="20.57406">
        <ele>1282</ele>
        <time>2025-06-13T12:09:04+00:00</time>
      </trkpt>
      <trkpt lat="41.62681" lon="20.5737">
        <ele>1279</ele>
        <time>2025-06-13T12:09:07+00:00</time>
      </trkpt>
      <trkpt lat="41.62676" lon="20.57338">
        <ele>1276</ele>
        <time>2025-06-13T12:09:10+00:00</time>
      </trkpt>
      <trkpt lat="41.6264" lon="20.57296">
        <ele>1269</ele>
        <time>2025-06-13T12:09:13+00:00</time>
      </trkpt>
      <trkpt lat="41.62609" lon="20.57302">
        <ele>1263</ele>
        <time>2025-06-13T12:09:16+00:00</time>
      </trkpt>
      <trkpt lat="41.62587" lon="20.57285">
        <ele>1258</ele>
        <time>2025-06-13T12:09:19+00:00</time>
      </trkpt>
      <trkpt lat="41.62564" lon="20.57284">
        <ele>1253</ele>
        <time>2025-06-13T12:09:22+00:00</time>
      </trkpt>
      <trkpt lat="41.62541" lon="20.57253">
        <ele>1235</ele>
        <time>2025-06-13T12:09:25+00:00</time>
      </trkpt>
      <trkpt lat="41.62493" lon="20.57271">
        <ele>1231</ele>
        <time>2025-06-13T12:09:28+00:00</time>
      </trkpt>
      <trkpt lat="41.62463" lon="20.57278">
        <ele>1223</ele>
        <time>2025-06-13T12:09:31+00:00</time>
      </trkpt>
      <trkpt lat="41.62442" lon="20.57281">
        <ele>1219</ele>
        <time>2025-06-13T12:09:34+00:00</time>
      </trkpt>
      <trkpt lat="41.62416" lon="20.57274">
        <ele>1217</ele>
        <time>2025-06-13T12:09:37+00:00</time>
      </trkpt>
      <trkpt lat="41.62392" lon="20.57292">
        <ele>1210</ele>
        <time>2025-06-13T12:09:40+00:00</time>
      </trkpt>
      <trkpt lat="41.62364" lon="20.57314">
        <ele>1209</ele>
        <time>2025-06-13T12:09:43+00:00</time>
      </trkpt>
      <trkpt lat="41.6236" lon="20.57252">
        <ele>1209</ele>
        <time>2025-06-13T12:09:46+00:00</time>
      </trkpt>
      <trkpt lat="41.6235" lon="20.57215">
        <ele>1210</ele>
        <time>2025-06-13T12:09:49+00:00</time>
      </trkpt>
      <trkpt lat="41.62327" lon="20.57233">
        <ele>1208</ele>
        <time>2025-06-13T12:09:52+00:00</time>
      </trkpt>
      <trkpt lat="41.62301" lon="20.57253">
        <ele>1207</ele>
        <time>2025-06-13T12:09:55+00:00</time>
      </trkpt>
      <trkpt lat="41.62285" lon="20.57282">
        <ele>1193</ele>
        <time>2025-06-13T12:09:58+00:00</time>
      </trkpt>
      <trkpt lat="41.62266" lon="20.57316">
        <ele>1187</ele>
        <time>2025-06-13T12:10:01+00:00</time>
      </trkpt>
      <trkpt lat="41.62241" lon="20.57335">
        <ele>1186</ele>
        <time>2025-06-13T12:10:04+00:00</time>
      </trkpt>
      <trkpt lat="41.62209" lon="20.57359">
        <ele>1179</ele>
        <time>2025-06-13T12:10:07+00:00</time>
      </trkpt>
      <trkpt lat="41.62185" lon="20.5737">
        <ele>1178</ele>
        <time>2025-06-13T12:10:10+00:00</time>
      </trkpt>
      <trkpt lat="41.62161" lon="20.5739">
        <ele>1173</ele>
        <time>2025-06-13T12:10:13+00:00</time>
      </trkpt>
      <trkpt lat="41.62128" lon="20.57417">
        <ele>1172</ele>
        <time>2025-06-13T12:10:16+00:00</time>
      </trkpt>
      <trkpt lat="41.62106" lon="20.57443">
        <ele>1171</ele>
        <time>2025-06-13T12:10:19+00:00</time>
      </trkpt>
      <trkpt lat="41.62104" lon="20.57444">
        <ele>1171</ele>
        <time>2025-06-13T12:10:22+00:00</time>
      </trkpt>
      <trkpt lat="41.62087" lon="20.57461">
        <ele>1166</ele>
        <time>2025-06-13T12:10:25+00:00</time>
      </trkpt>
      <trkpt lat="41.62058" lon="20.57495">
        <ele>1164</ele>
        <time>2025-06-13T12:10:28+00:00</time>
      </trkpt>
      <trkpt lat="41.62028" lon="20.57524">
        <ele>1158</ele>
        <time>2025-06-13T12:10:31+00:00</time>
      </trkpt>
      <trkpt lat="41.62002" lon="20.57526">
        <ele>1157</ele>
        <time>2025-06-13T12:10:34+00:00</time>
      </trkpt>
      <trkpt lat="41.61975" lon="20.57528">
        <ele>1158</ele>
        <time>2025-06-13T12:10:37+00:00</time>
      </trkpt>
      <trkpt lat="41.61957" lon="20.57531">
        <ele>1159</ele>
        <time>2025-06-13T12:10:40+00:00</time>
      </trkpt>
      <trkpt lat="41.61948" lon="20.57531">
        <ele>1156</ele>
        <time>2025-06-13T12:10:43+00:00</time>
      </trkpt>
      <trkpt lat="41.61935" lon="20.57533">
        <ele>1155</ele>
        <time>2025-06-13T12:10:46+00:00</time>
      </trkpt>
      <trkpt lat="41.61924" lon="20.57537">
        <ele>1159</ele>
        <time>2025-06-13T12:10:49+00:00</time>
      </trkpt>
      <trkpt lat="41.6192" lon="20.57537">
        <ele>1155</ele>
        <time>2025-06-13T12:10:52+00:00</time>
      </trkpt>
      <trkpt lat="41.6189" lon="20.57506">
        <ele>1158</ele>
        <time>2025-06-13T12:10:55+00:00</time>
      </trkpt>
      <trkpt lat="41.61864" lon="20.57502">
        <ele>1157</ele>
        <time>2025-06-13T12:10:58+00:00</time>
      </trkpt>
      <trkpt lat="41.61839" lon="20.5752">
        <ele>1154</ele>
        <time>2025-06-13T12:11:01+00:00</time>
      </trkpt>
      <trkpt lat="41.61817" lon="20.57547">
        <ele>1153</ele>
        <time>2025-06-13T12:11:04+00:00</time>
      </trkpt>
      <trkpt lat="41.61799" lon="20.5756">
        <ele>1152</ele>
        <time>2025-06-13T12:11:07+00:00</time>
      </trkpt>
      <trkpt lat="41.61787" lon="20.57594">
        <ele>1152</ele>
        <time>2025-06-13T12:11:10+00:00</time>
      </trkpt>
      <trkpt lat="41.61777" lon="20.57617">
        <ele>1146</ele>
        <time>2025-06-13T12:11:13+00:00</time>
      </trkpt>
      <trkpt lat="41.6177" lon="20.57638">
        <ele>1152</ele>
        <time>2025-06-13T12:11:16+00:00</time>
      </trkpt>
      <trkpt lat="41.61773" lon="20.5766">
        <ele>1140</ele>
        <time>2025-06-13T12:11:19+00:00</time>
      </trkpt>
      <trkpt lat="41.61773" lon="20.57676">
        <ele>1140</ele>
        <time>2025-06-13T12:11:22+00:00</time>
      </trkpt>
      <trkpt lat="41.61771" lon="20.57708">
        <ele>1140</ele>
        <time>2025-06-13T12:11:25+00:00</time>
      </trkpt>
      <trkpt lat="41.61763" lon="20.57742">
        <ele>1140</ele>
        <time>2025-06-13T12:11:28+00:00</time>
      </trkpt>
      <trkpt lat="41.61755" lon="20.57778">
        <ele>1140</ele>
        <time>2025-06-13T12:11:31+00:00</time>
      </trkpt>
      <trkpt lat="41.61746" lon="20.5781">
        <ele>1139</ele>
        <time>2025-06-13T12:11:34+00:00</time>
      </trkpt>
      <trkpt lat="41.61736" lon="20.57844">
        <ele>1139</ele>
        <time>2025-06-13T12:11:37+00:00</time>
      </trkpt>
      <trkpt lat="41.61737" lon="20.57883">
        <ele>1138</ele>
        <time>2025-06-13T12:11:40+00:00</time>
      </trkpt>
      <trkpt lat="41.617" lon="20.57874">
        <ele>1137</ele>
        <time>2025-06-13T12:11:43+00:00</time>
      </trkpt>
      <trkpt lat="41.6167" lon="20.5785">
        <ele>1137</ele>
        <time>2025-06-13T12:11:46+00:00</time>
      </trkpt>
      <trkpt lat="41.61631" lon="20.5781">
        <ele>1136</ele>
        <time>2025-06-13T12:11:49+00:00</time>
      </trkpt>
      <trkpt lat="41.61602" lon="20.57812">
        <ele>1136</ele>
        <time>2025-06-13T12:11:52+00:00</time>
      </trkpt>
      <trkpt lat="41.61572" lon="20.57823">
        <ele>1136</ele>
        <time>2025-06-13T12:11:55+00:00</time>
      </trkpt>
      <trkpt lat="41.61527" lon="20.57846">
        <ele>1130</ele>
        <time>2025-06-13T12:11:58+00:00</time>
      </trkpt>
      <trkpt lat="41.6149" lon="20.57876">
        <ele>1127</ele>
        <time>2025-06-13T12:12:01+00:00</time>
      </trkpt>
      <trkpt lat="41.61467" lon="20.57898">
        <ele>1123</ele>
        <time>2025-06-13T12:12:04+00:00</time>
      </trkpt>
      <trkpt lat="41.61438" lon="20.57925">
        <ele>1122</ele>
        <time>2025-06-13T12:12:07+00:00</time>
      </trkpt>
      <trkpt lat="41.61399" lon="20.5796">
        <ele>1114</ele>
        <time>2025-06-13T12:12:10+00:00</time>
      </trkpt>
      <trkpt lat="41.61392" lon="20.58">
        <ele>1111</ele>
        <time>2025-06-13T12:12:13+00:00</time>
      </trkpt>
      <trkpt lat="41.61387" lon="20.58023">
        <ele>1109</ele>
        <time>2025-06-13T12:12:16+00:00</time>
      </trkpt>
      <trkpt lat="41.61383" lon="20.58045">
        <ele>1109</ele>
        <time>2025-06-13T12:12:19+00:00</time>
      </trkpt>
      <trkpt lat="41.61379" lon="20.58068">
        <ele>1106</ele>
        <time>2025-06-13T12:12:22+00:00</time>
      </trkpt>
      <trkpt lat="41.61375" lon="20.5808">
        <ele>1104</ele>
        <time>2025-06-13T12:12:25+00:00</time>
      </trkpt>
      <trkpt lat="41.61376" lon="20.58105">
        <ele>1102</ele>
        <time>2025-06-13T12:12:28+00:00</time>
      </trkpt>
      <trkpt lat="41.61376" lon="20.58132">
        <ele>1100</ele>
        <time>2025-06-13T12:12:31+00:00</time>
      </trkpt>
      <trkpt lat="41.6137" lon="20.58167">
        <ele>1098</ele>
        <time>2025-06-13T12:12:34+00:00</time>
      </trkpt>
      <trkpt lat="41.61355" lon="20.58198">
        <ele>1090</ele>
        <time>2025-06-13T12:12:37+00:00</time>
      </trkpt>
      <trkpt lat="41.61354" lon="20.58224">
        <ele>1087</ele>
        <time>2025-06-13T12:12:40+00:00</time>
      </trkpt>
      <trkpt lat="41.61357" lon="20.58248">
        <ele>1083</ele>
        <time>2025-06-13T12:12:43+00:00</time>
      </trkpt>
      <trkpt lat="41.61357" lon="20.58283">
        <ele>1082</ele>
        <time>2025-06-13T12:12:46+00:00</time>
      </trkpt>
      <trkpt lat="41.61363" lon="20.58322">
        <ele>1075</ele>
        <time>2025-06-13T12:12:49+00:00</time>
      </trkpt>
      <trkpt lat="41.61372" lon="20.58354">
        <ele>1071</ele>
        <time>2025-06-13T12:12:52+00:00</time>
      </trkpt>
      <trkpt lat="41.61375" lon="20.5838">
        <ele>1070</ele>
        <time>2025-06-13T12:12:55+00:00</time>
      </trkpt>
      <trkpt lat="41.61377" lon="20.58403">
        <ele>1070</ele>
        <time>2025-06-13T12:12:58+00:00</time>
      </trkpt>
      <trkpt lat="41.61379" lon="20.58428">
        <ele>1066</ele>
        <time>2025-06-13T12:13:01+00:00</time>
      </trkpt>
      <trkpt lat="41.6138" lon="20.58451">
        <ele>1061</ele>
        <time>2025-06-13T12:13:04+00:00</time>
      </trkpt>
      <trkpt lat="41.61381" lon="20.58477">
        <ele>1063</ele>
        <time>2025-06-13T12:13:07+00:00</time>
      </trkpt>
      <trkpt lat="41.61385" lon="20.58499">
        <ele>1061</ele>
        <time>2025-06-13T12:13:10+00:00</time>
      </trkpt>
      <trkpt lat="41.61391" lon="20.58521">
        <ele>1057</ele>
        <time>2025-06-13T12:13:13+00:00</time>
      </trkpt>
      <trkpt lat="41.61399" lon="20.58543">
        <ele>1057</ele>
        <time>2025-06-13T12:13:16+00:00</time>
      </trkpt>
      <trkpt lat="41.61412" lon="20.58571">
        <ele>1046</ele>
        <time>2025-06-13T12:13:19+00:00</time>
      </trkpt>
      <trkpt lat="41.61431" lon="20.58585">
        <ele>1046</ele>
        <time>2025-06-13T12:13:22+00:00</time>
      </trkpt>
      <trkpt lat="41.61447" lon="20.58589">
        <ele>1044</ele>
        <time>2025-06-13T12:13:25+00:00</time>
      </trkpt>
      <trkpt lat="41.61458" lon="20.58603">
        <ele>1039</ele>
        <time>2025-06-13T12:13:28+00:00</time>
      </trkpt>
      <trkpt lat="41.61469" lon="20.58635">
        <ele>1036</ele>
        <time>2025-06-13T12:13:31+00:00</time>
      </trkpt>
      <trkpt lat="41.61475" lon="20.58672">
        <ele>1035</ele>
        <time>2025-06-13T12:13:34+00:00</time>
      </trkpt>
      <trkpt lat="41.61483" lon="20.58722">
        <ele>1029</ele>
        <time>2025-06-13T12:13:37+00:00</time>
      </trkpt>
      <trkpt lat="41.61496" lon="20.58747">
        <ele>1027</ele>
        <time>2025-06-13T12:13:40+00:00</time>
      </trkpt>
      <trkpt lat="41.61526" lon="20.58765">
        <ele>1026</ele>
        <time>2025-06-13T12:13:43+00:00</time>
      </trkpt>
      <trkpt lat="41.61553" lon="20.58772">
        <ele>1028</ele>
        <time>2025-06-13T12:13:46+00:00</time>
      </trkpt>
      <trkpt lat="41.61568" lon="20.5876">
        <ele>1024</ele>
        <time>2025-06-13T12:13:49+00:00</time>
      </trkpt>
      <trkpt lat="41.61577" lon="20.58738">
        <ele>1025</ele>
        <time>2025-06-13T12:13:52+00:00</time>
      </trkpt>
      <trkpt lat="41.61596" lon="20.58771">
        <ele>1022</ele>
        <time>2025-06-13T12:13:55+00:00</time>
      </trkpt>
      <trkpt lat="41.61598" lon="20.58789">
        <ele>1022</ele>
        <time>2025-06-13T12:13:58+00:00</time>
      </trkpt>
      <trkpt lat="41.61606" lon="20.58832">
        <ele>1011</ele>
        <time>2025-06-13T12:14:01+00:00</time>
      </trkpt>
      <trkpt lat="41.61606" lon="20.58857">
        <ele>1004</ele>
        <time>2025-06-13T12:14:04+00:00</time>
      </trkpt>
      <trkpt lat="41.61614" lon="20.58872">
        <ele>1004</ele>
        <time>2025-06-13T12:14:07+00:00</time>
      </trkpt>
      <trkpt lat="41.61634" lon="20.5892">
        <ele>996</ele>
        <time>2025-06-13T12:14:10+00:00</time>
      </trkpt>
      <trkpt lat="41.61643" lon="20.58935">
        <ele>996</ele>
        <time>2025-06-13T12:14:13+00:00</time>
      </trkpt>
      <trkpt lat="41.61642" lon="20.58945">
        <ele>991</ele>
        <time>2025-06-13T12:14:16+00:00</time>
      </trkpt>
      <trkpt lat="41.61635" lon="20.58959">
        <ele>991</ele>
        <time>2025-06-13T12:14:19+00:00</time>
      </trkpt>
      <trkpt lat="41.61635" lon="20.58978">
        <ele>986</ele>
        <time>2025-06-13T12:14:22+00:00</time>
      </trkpt>
      <trkpt lat="41.61632" lon="20.58996">
        <ele>982</ele>
        <time>2025-06-13T12:14:25+00:00</time>
      </trkpt>
      <trkpt lat="41.61631" lon="20.59022">
        <ele>979</ele>
        <time>2025-06-13T12:14:28+00:00</time>
      </trkpt>
      <trkpt lat="41.61639" lon="20.59065">
        <ele>976</ele>
        <time>2025-06-13T12:14:31+00:00</time>
      </trkpt>
      <trkpt lat="41.61648" lon="20.59104">
        <ele>966</ele>
        <time>2025-06-13T12:14:34+00:00</time>
      </trkpt>
      <trkpt lat="41.61663" lon="20.59164">
        <ele>965</ele>
        <time>2025-06-13T12:14:37+00:00</time>
      </trkpt>
      <trkpt lat="41.61674" lon="20.59207">
        <ele>961</ele>
        <time>2025-06-13T12:14:40+00:00</time>
      </trkpt>
      <trkpt lat="41.61683" lon="20.59223">
        <ele>957</ele>
        <time>2025-06-13T12:14:43+00:00</time>
      </trkpt>
      <trkpt lat="41.61694" lon="20.59253">
        <ele>954</ele>
        <time>2025-06-13T12:14:46+00:00</time>
      </trkpt>
      <trkpt lat="41.61699" lon="20.59309">
        <ele>944</ele>
        <time>2025-06-13T12:14:49+00:00</time>
      </trkpt>
      <trkpt lat="41.61697" lon="20.59342">
        <ele>937</ele>
        <time>2025-06-13T12:14:52+00:00</time>
      </trkpt>
      <trkpt lat="41.61699" lon="20.59359">
        <ele>927</ele>
        <time>2025-06-13T12:14:55+00:00</time>
      </trkpt>
      <trkpt lat="41.61699" lon="20.59408">
        <ele>920</ele>
        <time>2025-06-13T12:14:58+00:00</time>
      </trkpt>
      <trkpt lat="41.61701" lon="20.59433">
        <ele>912</ele>
        <time>2025-06-13T12:15:01+00:00</time>
      </trkpt>
      <trkpt lat="41.61705" lon="20.59444">
        <ele>908</ele>
        <time>2025-06-13T12:15:04+00:00</time>
      </trkpt>
      <trkpt lat="41.61711" lon="20.59457">
        <ele>905</ele>
        <time>2025-06-13T12:15:07+00:00</time>
      </trkpt>
      <trkpt lat="41.61711" lon="20.59477">
        <ele>899</ele>
        <time>2025-06-13T12:15:10+00:00</time>
      </trkpt>
      <trkpt lat="41.61712" lon="20.59498">
        <ele>896</ele>
        <time>2025-06-13T12:15:13+00:00</time>
      </trkpt>
      <trkpt lat="41.61703" lon="20.59516">
        <ele>897</ele>
        <time>2025-06-13T12:15:16+00:00</time>
      </trkpt>
      <trkpt lat="41.61689" lon="20.59527">
        <ele>888</ele>
        <time>2025-06-13T12:15:19+00:00</time>
      </trkpt>
      <trkpt lat="41.61678" lon="20.59534">
        <ele>888</ele>
        <time>2025-06-13T12:15:22+00:00</time>
      </trkpt>
      <trkpt lat="41.61663" lon="20.5953">
        <ele>888</ele>
        <time>2025-06-13T12:15:25+00:00</time>
      </trkpt>
      <trkpt lat="41.61651" lon="20.59513">
        <ele>885</ele>
        <time>2025-06-13T12:15:28+00:00</time>
      </trkpt>
      <trkpt lat="41.61636" lon="20.59499">
        <ele>885</ele>
        <time>2025-06-13T12:15:31+00:00</time>
      </trkpt>
      <trkpt lat="41.61619" lon="20.59495">
        <ele>885</ele>
        <time>2025-06-13T12:15:34+00:00</time>
      </trkpt>
      <trkpt lat="41.61602" lon="20.5949">
        <ele>886</ele>
        <time>2025-06-13T12:15:37+00:00</time>
      </trkpt>
      <trkpt lat="41.61593" lon="20.5949">
        <ele>885</ele>
        <time>2025-06-13T12:15:40+00:00</time>
      </trkpt>
      <trkpt lat="41.61598" lon="20.5952">
        <ele>880</ele>
        <time>2025-06-13T12:15:43+00:00</time>
      </trkpt>
      <trkpt lat="41.61601" lon="20.59554">
        <ele>875</ele>
        <time>2025-06-13T12:15:46+00:00</time>
      </trkpt>
      <trkpt lat="41.61601" lon="20.59591">
        <ele>873</ele>
        <time>2025-06-13T12:15:49+00:00</time>
      </trkpt>
      <trkpt lat="41.61598" lon="20.59611">
        <ele>866</ele>
        <time>2025-06-13T12:15:52+00:00</time>
      </trkpt>
      <trkpt lat="41.61592" lon="20.59617">
        <ele>866</ele>
        <time>2025-06-13T12:15:55+00:00</time>
      </trkpt>
      <trkpt lat="41.61583" lon="20.59617">
        <ele>866</ele>
        <time>2025-06-13T12:15:58+00:00</time>
      </trkpt>
      <trkpt lat="41.61574" lon="20.59619">
        <ele>866</ele>
        <time>2025-06-13T12:16:01+00:00</time>
      </trkpt>
      <trkpt lat="41.61563" lon="20.59619">
        <ele>862</ele>
        <time>2025-06-13T12:16:04+00:00</time>
      </trkpt>
      <trkpt lat="41.61549" lon="20.59621">
        <ele>858</ele>
        <time>2025-06-13T12:16:07+00:00</time>
      </trkpt>
      <trkpt lat="41.61533" lon="20.59626">
        <ele>858</ele>
        <time>2025-06-13T12:16:10+00:00</time>
      </trkpt>
      <trkpt lat="41.61513" lon="20.59619">
        <ele>853</ele>
        <time>2025-06-13T12:16:13+00:00</time>
      </trkpt>
      <trkpt lat="41.61509" lon="20.59644">
        <ele>850</ele>
        <time>2025-06-13T12:16:16+00:00</time>
      </trkpt>
      <trkpt lat="41.61493" lon="20.59633">
        <ele>850</ele>
        <time>2025-06-13T12:16:19+00:00</time>
      </trkpt>
      <trkpt lat="41.61487" lon="20.59648">
        <ele>841</ele>
        <time>2025-06-13T12:16:22+00:00</time>
      </trkpt>
      <trkpt lat="41.6147" lon="20.59643">
        <ele>841</ele>
        <time>2025-06-13T12:16:25+00:00</time>
      </trkpt>
      <trkpt lat="41.61453" lon="20.59663">
        <ele>828</ele>
        <time>2025-06-13T12:16:28+00:00</time>
      </trkpt>
      <trkpt lat="41.61434" lon="20.59659">
        <ele>825</ele>
        <time>2025-06-13T12:16:31+00:00</time>
      </trkpt>
      <trkpt lat="41.61428" lon="20.59678">
        <ele>820</ele>
        <time>2025-06-13T12:16:34+00:00</time>
      </trkpt>
      <trkpt lat="41.61409" lon="20.59676">
        <ele>820</ele>
        <time>2025-06-13T12:16:37+00:00</time>
      </trkpt>
      <trkpt lat="41.61402" lon="20.59699">
        <ele>813</ele>
        <time>2025-06-13T12:16:40+00:00</time>
      </trkpt>
      <trkpt lat="41.61386" lon="20.59706">
        <ele>813</ele>
        <time>2025-06-13T12:16:43+00:00</time>
      </trkpt>
      <trkpt lat="41.61373" lon="20.5973">
        <ele>812</ele>
        <time>2025-06-13T12:16:46+00:00</time>
      </trkpt>
      <trkpt lat="41.61356" lon="20.59739">
        <ele>812</ele>
        <time>2025-06-13T12:16:49+00:00</time>
      </trkpt>
      <trkpt lat="41.61342" lon="20.59768">
        <ele>814</ele>
        <time>2025-06-13T12:16:52+00:00</time>
      </trkpt>
      <trkpt lat="41.61329" lon="20.59779">
        <ele>802</ele>
        <time>2025-06-13T12:16:55+00:00</time>
      </trkpt>
      <trkpt lat="41.61313" lon="20.59791">
        <ele>817</ele>
        <time>2025-06-13T12:16:58+00:00</time>
      </trkpt>
      <trkpt lat="41.61288" lon="20.59802">
        <ele>830</ele>
        <time>2025-06-13T12:17:01+00:00</time>
      </trkpt>
      <trkpt lat="41.6127" lon="20.59813">
        <ele>832</ele>
        <time>2025-06-13T12:17:04+00:00</time>
      </trkpt>
      <trkpt lat="41.61255" lon="20.59833">
        <ele>831</ele>
        <time>2025-06-13T12:17:07+00:00</time>
      </trkpt>
      <trkpt lat="41.61249" lon="20.59849">
        <ele>831</ele>
        <time>2025-06-13T12:17:10+00:00</time>
      </trkpt>
      <trkpt lat="41.61249" lon="20.59884">
        <ele>831</ele>
        <time>2025-06-13T12:17:13+00:00</time>
      </trkpt>
      <trkpt lat="41.61255" lon="20.59908">
        <ele>831</ele>
        <time>2025-06-13T12:17:16+00:00</time>
      </trkpt>
      <trkpt lat="41.61262" lon="20.59926">
        <ele>830</ele>
        <time>2025-06-13T12:17:19+00:00</time>
      </trkpt>
      <trkpt lat="41.61262" lon="20.59952">
        <ele>829</ele>
        <time>2025-06-13T12:17:22+00:00</time>
      </trkpt>
      <trkpt lat="41.61259" lon="20.59969">
        <ele>824</ele>
        <time>2025-06-13T12:17:25+00:00</time>
      </trkpt>
      <trkpt lat="41.61241" lon="20.5999">
        <ele>824</ele>
        <time>2025-06-13T12:17:28+00:00</time>
      </trkpt>
      <trkpt lat="41.61229" lon="20.60002">
        <ele>826</ele>
        <time>2025-06-13T12:17:31+00:00</time>
      </trkpt>
      <trkpt lat="41.61223" lon="20.60022">
        <ele>817</ele>
        <time>2025-06-13T12:17:34+00:00</time>
      </trkpt>
      <trkpt lat="41.61211" lon="20.60081">
        <ele>788</ele>
        <time>2025-06-13T12:17:37+00:00</time>
      </trkpt>
      <trkpt lat="41.61198" lon="20.60119">
        <ele>788</ele>
        <time>2025-06-13T12:17:40+00:00</time>
      </trkpt>
      <trkpt lat="41.61188" lon="20.6013">
        <ele>778</ele>
        <time>2025-06-13T12:17:43+00:00</time>
      </trkpt>
      <trkpt lat="41.61178" lon="20.60137">
        <ele>778</ele>
        <time>2025-06-13T12:17:46+00:00</time>
      </trkpt>
      <trkpt lat="41.61159" lon="20.60147">
        <ele>779</ele>
        <time>2025-06-13T12:17:49+00:00</time>
      </trkpt>
      <trkpt lat="41.61151" lon="20.60132">
        <ele>775</ele>
        <time>2025-06-13T12:17:52+00:00</time>
      </trkpt>
      <trkpt lat="41.61144" lon="20.60114">
        <ele>781</ele>
        <time>2025-06-13T12:17:55+00:00</time>
      </trkpt>
      <trkpt lat="41.61123" lon="20.60074">
        <ele>784</ele>
        <time>2025-06-13T12:17:58+00:00</time>
      </trkpt>
      <trkpt lat="41.61114" lon="20.6006">
        <ele>791</ele>
        <time>2025-06-13T12:18:01+00:00</time>
      </trkpt>
      <trkpt lat="41.61099" lon="20.60041">
        <ele>787</ele>
        <time>2025-06-13T12:18:04+00:00</time>
      </trkpt>
      <trkpt lat="41.6109" lon="20.60028">
        <ele>787</ele>
        <time>2025-06-13T12:18:07+00:00</time>
      </trkpt>
      <trkpt lat="41.611" lon="20.60008">
        <ele>790</ele>
        <time>2025-06-13T12:18:10+00:00</time>
      </trkpt>
      <trkpt lat="41.611" lon="20.60001">
        <ele>790</ele>
        <time>2025-06-13T12:18:13+00:00</time>
      </trkpt>
      <trkpt lat="41.61098" lon="20.59997">
        <ele>790</ele>
        <time>2025-06-13T12:18:16+00:00</time>
      </trkpt>
      <trkpt lat="41.61093" lon="20.59976">
        <ele>796</ele>
        <time>2025-06-13T12:18:19+00:00</time>
      </trkpt>
      <trkpt lat="41.61089" lon="20.59963">
        <ele>796</ele>
        <time>2025-06-13T12:18:22+00:00</time>
      </trkpt>
      <trkpt lat="41.61081" lon="20.59963">
        <ele>796</ele>
        <time>2025-06-13T12:18:25+00:00</time>
      </trkpt>
      <trkpt lat="41.61078" lon="20.59954">
        <ele>802</ele>
        <time>2025-06-13T12:18:28+00:00</time>
      </trkpt>
      <trkpt lat="41.61072" lon="20.59953">
        <ele>802</ele>
        <time>2025-06-13T12:18:31+00:00</time>
      </trkpt>
      <trkpt lat="41.6107" lon="20.59945">
        <ele>802</ele>
        <time>2025-06-13T12:18:34+00:00</time>
      </trkpt>
      <trkpt lat="41.61071" lon="20.59938">
        <ele>808</ele>
        <time>2025-06-13T12:18:37+00:00</time>
      </trkpt>
      <trkpt lat="41.61071" lon="20.5993">
        <ele>804</ele>
        <time>2025-06-13T12:18:40+00:00</time>
      </trkpt>
      <trkpt lat="41.6107" lon="20.59921">
        <ele>808</ele>
        <time>2025-06-13T12:18:43+00:00</time>
      </trkpt>
      <trkpt lat="41.61068" lon="20.59916">
        <ele>807</ele>
        <time>2025-06-13T12:18:46+00:00</time>
      </trkpt>
      <trkpt lat="41.61065" lon="20.59912">
        <ele>807</ele>
        <time>2025-06-13T12:18:49+00:00</time>
      </trkpt>
      <trkpt lat="41.61062" lon="20.5991">
        <ele>807</ele>
        <time>2025-06-13T12:18:52+00:00</time>
      </trkpt>
      <trkpt lat="41.61056" lon="20.5991">
        <ele>807</ele>
        <time>2025-06-13T12:18:55+00:00</time>
      </trkpt>
      <trkpt lat="41.61044" lon="20.59918">
        <ele>808</ele>
        <time>2025-06-13T12:18:58+00:00</time>
      </trkpt>
      <trkpt lat="41.61041" lon="20.59922">
        <ele>808</ele>
        <time>2025-06-13T12:19:01+00:00</time>
      </trkpt>
      <trkpt lat="41.6104" lon="20.59926">
        <ele>808</ele>
        <time>2025-06-13T12:19:04+00:00</time>
      </trkpt>
      <trkpt lat="41.6104" lon="20.59929">
        <ele>808</ele>
        <time>2025-06-13T12:19:07+00:00</time>
      </trkpt>
      <trkpt lat="41.61042" lon="20.59931">
        <ele>808</ele>
        <time>2025-06-13T12:19:10+00:00</time>
      </trkpt>
    </trkseg>
  </trk>
</gpx>
